mining_profitability90trx,activeaddresses90var,mining_profitability90mom,mining_profitability14var,top100cap30trx,median_transaction_feeUSD,mining_profitability,top100cap90roc,category
0.091,82659141,4974.0,736163.0,0.011,0.0474,7220.0,2.1830000000000003,0
0.104,93587018,5757.0,751741.0,0.014,0.0539,7990.0,2.1790000000000003,0
0.117,119931071,6575.0,1116414.0,0.017,0.06,8852.0,1.864,0
0.132,146568407,6518.0,1418707.0,0.02,0.0618,8777.0,2.302,0
0.147,164680970,7877.0,2082572.0,0.023,0.0643,9950.0,1.485,0
0.163,167334419,6611.0,2309302.0,0.026,0.0671,8923.0,1.171,0
0.179,174998891,6962.0,2274547.0,0.028,0.071,9411.0,0.72,0
0.196,206269076,8304.0,2134668.0,0.03,0.0818,10124.0,1.514,0
0.215,234652099,11242.0,3563293.0,0.032,0.0977,13352.0,1.699,0
0.235,291393310,10026.0,3928726.0,0.033,0.0892,12305.0,2.133,0
0.254,333892691,5145.0,4007207.0,0.035,0.0575,7092.0,4.169,0
0.273,349519493,4077.0,4044145.0,0.037000000000000005,0.0462,6360.0,3.92,0
0.29100000000000004,352764896,4304.0,4047471.0,0.04,0.0492,6595.0,4.43,0
0.307,348988094,3409.0,4461914.0,0.042,0.0459,5779.0,4.743,0
0.32299999999999995,362646540,3941.0,4882989.0,0.045,0.0436,5865.0,6.064,1
0.338,376075002,2563.0,5797867.0,0.048,0.0375,4937.0,6.7639999999999985,1
0.35100000000000003,393177207,3013.0,6559205.0,0.051,0.0389,5006.0,6.239,1
0.363,395243917,2400.0,7233185.0,0.054000000000000006,0.0473,4878.0,6.4060000000000015,0
0.375,408681050,3496.0,7067239.0,0.058,0.0534,6198.0,6.356,0
0.386,404579949,4565.0,6966124.0,0.061,0.0572,6887.0,6.916,0
0.397,399699859,4312.0,6715105.0,0.065,0.0571,6616.0,6.992000000000001,0
0.407,404096543,3277.0,6162104.0,0.068,0.0568,6062.0,6.765,0
0.416,406509962,4534.0,3073668.0,0.07200000000000001,0.0604,7056.0,6.499,0
0.426,418818970,4322.0,645980.0,0.075,0.0674,7469.0,6.013,0
0.435,420030836,5828.0,969112.0,0.077,0.0699,8539.0,6.126,0
0.444,420859043,3996.0,1028564.0,0.079,0.0665,7248.0,5.513,0
0.453,417250856,3524.0,1024992.0,0.081,0.0632,6431.0,4.096,0
0.461,440041848,4843.0,1124606.0,0.08199999999999999,0.062,7773.0,4.1960000000000015,0
0.469,440507768,3953.0,1127968.0,0.083,0.0653,7263.0,3.372,0
0.476,433132044,3167.0,923164.0,0.083,0.0672,6393.0,3.072,0
0.483,428660761,2620.0,718045.0,0.083,0.0623,6340.0,3.627,0
0.488,429260989,2339.0,603136.0,0.08199999999999999,0.0555,5352.0,3.857,0
0.493,427990879,1784.0,795285.0,0.08199999999999999,0.0513,5046.0,4.218,0
0.498,425670412,1683.0,871146.0,0.081,0.0525,5658.0,4.109,0
0.501,423207076,3132.0,881713.0,0.08,0.0567,6262.0,4.058,0
0.504,423257607,2261.0,955507.0,0.078,0.0565,5457.0,3.552,0
0.507,433680697,2584.0,1003721.0,0.077,0.0552,5568.0,3.712,0
0.509,440436171,1918.0,1003028.0,0.075,0.0548,5355.0,3.769,0
0.51,439093724,2034.0,664000.0,0.073,0.0542,5442.0,3.931,0
0.511,436740820,2281.0,569383.0,0.071,0.0553,5770.0,3.8,0
0.511,434064460,2177.0,555744.0,0.069,0.0563,5926.0,3.548,0
0.511,428795734,1665.0,332926.0,0.066,0.112,5199.0,3.362,0
0.51,423585176,1591.0,181806.0,0.064,0.0561,5179.0,2.94,0
0.509,418962654,439.607,193025.0,0.061,0.0543,4670.0,3.018,0
0.507,413425692,1012.0,190434.0,0.059,0.0523,4587.0,3.227,0
0.504,406754076,582.264,201553.0,0.056,0.0535,4982.0,3.915,0
0.502,397311726,1037.0,195388.0,0.054000000000000006,0.0552,5231.0,3.757,0
0.499,387348472,1143.0,190859.0,0.051,0.0564,5206.0,4.802,0
0.495,379370421,1601.0,133946.0,0.049,0.0565,4934.0,4.743,0
0.491,371181791,833.778,150104.0,0.047,0.0566,4693.0,4.735,0
0.487,363621203,1105.0,153720.0,0.045,0.0576,5631.0,3.807,0
0.483,355578998,1433.0,151908.0,0.043,0.0583,5211.0,4.058,0
0.479,349664944,1582.0,171947.0,0.041,0.0593,5784.0,3.639,0
0.474,342077868,1674.0,159746.0,0.039,0.0623,5588.0,4.044,0
0.47,335133825,1808.0,133525.0,0.037000000000000005,0.0639,5608.0,3.404,0
0.465,330603949,815.627,134670.0,0.034,0.0644,5311.0,3.588,0
0.46,326371322,1510.0,139237.0,0.032,0.0642,5450.0,3.783,0
0.455,320014904,984.604,117180.0,0.03,0.0629,5226.0,3.855,0
0.45,315772932,1210.0,83960.0,0.028,0.0632,5342.0,3.533,0
0.445,312764866,1451.0,80107.0,0.026,0.0636,5567.0,3.709,0
0.44,302582679,1291.0,84342.0,0.023,0.0632,5071.0,3.161,0
0.435,291399038,1855.0,101422.0,0.021,0.0647,5865.0,2.758,0
0.429,285777890,885.383,103600.0,0.019,0.0621,4901.0,2.518,0
0.424,279871426,1445.0,71041.0,0.016,0.0602,5209.0,2.411,1
0.418,278450603,482.219,71688.0,0.014,0.0598,5139.0,2.033,1
0.413,276198497,-996.03,192965.0,0.011,0.06,4025.0,2.479,1
0.406,270275726,-975.461,309113.0,0.009000000000000001,0.0597,3829.0,1.599,1
0.4,262777881,-1440.0,421739.0,0.006999999999999999,0.0575,3733.0,1.5419999999999998,1
0.393,262115233,-1435.0,481342.0,0.004,0.0553,3834.0,2.257,1
0.385,260326345,-1697.0,666058.0,0.002,0.053,3133.0,2.427,1
0.378,259757945,-1871.0,743355.0,0.0,0.052000000000000005,3358.0,2.3080000000000003,1
0.37,258451692,-1346.0,759852.0,-0.001,0.0533,3690.0,2.055,1
0.361,257339217,-1265.0,738130.0,-0.003,0.054000000000000006,3678.0,2.489,1
0.353,256299205,-1245.0,696135.0,-0.004,0.0535,3238.0,2.899,1
0.344,246257426,-1348.0,671638.0,-0.005,0.0514,3401.0,3.053,1
0.336,245063182,-1765.0,463508.0,-0.006,0.0501,3173.0,3.149,1
0.326,251292333,-1456.0,409271.0,-0.006,0.0502,3180.0,3.498,1
0.317,256209548,-2532.0,362643.0,-0.006999999999999999,0.0504,2330.0,3.626,1
0.307,255920095,-4318.0,221291.0,-0.006999999999999999,0.0518,2545.0,3.2510000000000003,1
0.297,256075458,-3714.0,196040.0,-0.006999999999999999,0.0526,2969.0,3.588,1
0.287,257719638,-4064.0,182232.0,-0.006999999999999999,0.0529,2897.0,3.665,1
0.277,257094165,-3687.0,165635.0,-0.006,0.053,2966.0,3.819,1
0.267,261164399,-2390.0,141726.0,-0.006,0.0518,2732.0,3.4360000000000004,1
0.256,268091929,-2325.0,163734.0,-0.005,0.0508,2511.0,3.267,1
0.246,270289365,-2912.0,171807.0,-0.005,0.0492,2541.0,2.502,1
0.235,273801164,-3197.0,142213.0,-0.004,0.0486,2585.0,1.829,1
0.224,274458741,-4874.0,102500.0,-0.004,0.049,2560.0,1.743,1
0.214,278561338,-3819.0,91301.0,-0.003,0.0483,2646.0,1.12,1
0.203,280016396,-4231.0,71332.0,-0.003,0.0461,2374.0,0.731,1
0.192,281297689,-4680.0,65154.0,-0.002,0.0446,2292.0,1.507,1
0.181,290795350,-5247.0,70740.0,-0.001,0.0449,1973.0,0.927,1
0.16899999999999998,290535731,-5957.0,86577.0,0.0,0.0428,2033.0,0.934,1
0.158,284569764,-6923.0,111717.0,0.001,0.0416,1929.0,1.32,1
0.147,276444540,-6670.0,103299.0,0.002,0.0407,2107.0,1.359,1
0.135,274721710,-8206.0,115999.0,0.004,0.0392,1745.0,2.594,1
0.124,277898057,-7094.0,102755.0,0.005,0.0365,1830.0,3.004,1
0.112,281984747,-7769.0,110441.0,0.006999999999999999,0.033,1642.0,3.93,1
0.1,276103992,-8552.0,126822.0,0.01,0.0349,1573.0,4.297,1
0.08900000000000001,264236977,-11567.0,120428.0,0.012,0.0368,1785.0,4.4510000000000005,1
0.077,228321482,-10651.0,110296.0,0.015,0.0362,1654.0,4.239,1
0.065,202564125,-5200.0,87437.0,0.018000000000000002,0.038,1892.0,1.908,1
0.053,193800873,-4874.0,63395.0,0.02,0.0407,1485.0,2.275,1
0.041,193216789,-5146.0,54779.0,0.023,0.0425,1449.0,1.83,1
0.03,194564654,-3950.0,37375.0,0.026,0.044,1830.0,1.33,1
0.018000000000000002,194474711,-4134.0,34610.0,0.028,0.0441,1731.0,-0.127,1
0.006,188052348,-3239.0,29141.0,0.03,0.0446,1698.0,-0.957,1
-0.005,177280873,-3313.0,26439.0,0.031,0.045,1693.0,-0.517,1
-0.017,177465949,-2976.0,17968.0,0.032,0.0444,1902.0,-0.379,1
-0.028,166831268,-4655.0,19601.0,0.034,0.0432,1543.0,1.175,1
-0.039,168828026,-5244.0,18273.0,0.035,0.0419,1643.0,0.018000000000000002,1
-0.051,173106297,-4972.0,18263.0,0.036000000000000004,0.0419,1644.0,-0.01,1
-0.062,173476846,-4331.0,17496.0,0.037000000000000005,0.0419,1731.0,0.047,1
-0.073,169588673,-5719.0,24831.0,0.039,0.0421,1337.0,0.092,1
-0.084,159059526,-6213.0,35628.0,0.04,0.0426,1256.0,0.83,1
-0.095,154828499,-6987.0,30609.0,0.04,0.0432,1552.0,0.593,1
-0.106,152239940,-5886.0,33778.0,0.041,0.0439,1361.0,0.422,1
-0.117,152124227,-4980.0,33738.0,0.042,0.0446,1451.0,1.5319999999999998,1
-0.128,129743895,-6224.0,29671.0,0.042,0.0443,1549.0,1.536,1
-0.138,130694253,-5937.0,31709.0,0.043,0.0442,1326.0,2.218,1
-0.149,130011514,-4791.0,30287.0,0.043,0.0456,1602.0,2.512,1
-0.159,127589531,-4745.0,28808.0,0.043,0.0465,1595.0,2.326,1
-0.16899999999999998,127288042,-3823.0,18479.0,0.044,0.048,1529.0,2.613,1
-0.18,148030716,-3606.0,18679.0,0.045,0.0479,1440.0,2.154,1
-0.19,148377471,-4046.0,18104.0,0.045,0.0477,1611.0,2.336,1
-0.2,149089285,-4990.0,19572.0,0.046,0.0477,1272.0,2.091,1
-0.209,146941600,-4106.0,15106.0,0.046,0.0473,1351.0,2.4530000000000003,1
-0.219,128867352,-4285.0,16138.0,0.046,0.0477,1283.0,2.143,1
-0.229,115931282,-3991.0,14053.0,0.046,0.0484,1365.0,2.143,1
-0.238,114417303,-4143.0,14582.0,0.046,0.0487,1299.0,2.273,1
-0.248,111620948,-4381.0,14362.0,0.046,0.048,1388.0,2.772,1
-0.257,109778360,-4748.0,18605.0,0.046,0.0471,1178.0,2.7710000000000004,1
-0.266,110483844,-3858.0,17441.0,0.046,0.0467,1341.0,2.535,1
-0.276,109754775,-3911.0,18265.0,0.045,0.0465,1268.0,3.168,1
-0.285,121244582,-3436.0,16323.0,0.045,0.047,1234.0,4.2410000000000005,1
-0.294,118520994,-3456.0,15557.0,0.046,0.0475,1132.0,4.524,1
-0.303,116677373,-4036.0,21935.0,0.046,0.0481,946.112,3.659,1
-0.312,116083361,-4242.0,25968.0,0.046,0.0485,989.582,3.389,1
-0.32,118658361,-4252.0,21748.0,0.047,0.0483,954.078,2.978,1
-0.329,118939747,-3940.0,24558.0,0.047,0.0484,994.908,2.317,1
-0.338,119759342,-3707.0,25239.0,0.047,0.0485,986.18,2.231,1
-0.34700000000000003,118558078,-4685.0,27262.0,0.046,0.049,946.13,2.423,1
-0.355,119700441,-4171.0,24035.0,0.045,0.0506,1040.0,1.52,1
-0.364,119493038,-4758.0,22051.0,0.044,0.0526,1026.0,1.3530000000000002,1
-0.3720000000000001,119080199,-4449.0,15961.0,0.043,0.0536,1139.0,1.223,1
-0.38,121410625,-4641.0,16077.0,0.041,0.0531,967.278,1.722,1
-0.389,121436547,-4392.0,11472.0,0.039,0.0529,918.683,1.643,1
-0.397,120944129,-4658.0,10925.0,0.036000000000000004,0.0538,791.645,1.381,1
-0.405,120854675,-4363.0,7883.0,0.034,0.0543,863.041,1.197,1
-0.413,127456908,-4472.0,6681.0,0.031,0.0559,870.538,1.1840000000000002,1
-0.421,129177327,-4592.0,6682.0,0.028,0.0576,975.111,1.216,1
-0.429,129074039,-4188.0,7013.0,0.024,0.0579,882.6110000000001,0.762,1
-0.4370000000000001,134511154,-4919.0,7017.0,0.021,0.0592,945.862,0.727,1
-0.444,139108494,-3894.0,7100.0,0.017,0.061,1007.0,0.596,1
-0.452,138754752,-4290.0,7093.0,0.013,0.0623,919.016,0.716,1
-0.46,137629875,-4200.0,7100.0,0.009000000000000001,0.0628,938.406,0.601,1
-0.467,136463435,-3064.0,6490.0,0.005,0.0624,961.409,0.123,1
-0.474,137081188,-3170.0,11112.0,0.001,0.0604,658.4939999999998,0.6970000000000001,1
-0.482,136730478,-3010.0,9376.0,-0.003,0.0587,723.439,0.091,1
-0.489,136170886,-3157.0,11639.0,-0.008,0.0575,677.4060000000002,-0.106,1
-0.496,135110707,-2539.0,16240.0,-0.012,0.0575,593.3380000000002,-0.552,1
-0.504,135990539,-2667.0,17654.0,-0.016,0.0583,691.0980000000002,-0.509,1
-0.511,136437031,-2931.0,17977.0,-0.02,0.0589,758.6460000000002,-1.142,1
-0.518,136368789,-2993.0,19139.0,-0.024,0.06,685.7280000000002,-1.557,1
-0.525,136880353,-2501.0,17477.0,-0.028,0.0609,736.4860000000001,-1.776,1
-0.532,137122389,-2676.0,17232.0,-0.032,0.0618,724.8580000000002,-2.081,1
-0.539,134942623,-2462.0,15565.0,-0.037000000000000005,0.062,711.428,-2.274,1
-0.546,133004207,-2445.0,11273.0,-0.041,0.062,735.547,-2.474,1
-0.552,133571165,-1828.0,12818.0,-0.045,0.0618,501.532,-2.643,1
-0.5589999999999999,133384853,-2049.0,12085.0,-0.049,0.0619,495.68,-2.954,1
-0.5660000000000001,133646797,-2338.0,6496.0,-0.053,0.0621,631.594,-3.122,1
-0.573,134972422,-2287.0,6706.0,-0.057,0.0625,609.765,-3.232,1
-0.579,136270959,-2410.0,7109.0,-0.06,0.0613,556.1569999999998,-2.633,1
-0.586,136024986,-2164.0,7484.0,-0.063,0.0605,568.055,-2.466,1
-0.5920000000000001,133032634,-1973.0,8081.0,-0.066,0.0606,537.864,-2.652,1
-0.599,133159436,-1992.0,8363.0,-0.069,0.0608,548.75,-3.47,1
-0.605,134082508,-2049.0,7515.0,-0.07200000000000001,0.0606,536.288,-3.035,1
-0.612,134894674,-2013.0,7350.0,-0.07400000000000001,0.0607,546.616,-3.3510000000000004,1
-0.618,135134194,-2164.0,6782.0,-0.077,0.0611,482.513,-3.657,1
-0.625,136006219,-2014.0,8298.0,-0.079,0.0613,360.376,-3.587,1
-0.631,136043460,-1858.0,7359.0,-0.081,0.0612,433.501,-3.614,1
-0.637,131975422,-1533.0,4851.0,-0.083,0.0616,439.799,-3.662,1
-0.643,131989221,-1628.0,5688.0,-0.084,0.0617,405.264,-3.747,1
-0.65,132874573,-1512.0,6273.0,-0.085,0.0615,416.742,-3.934,1
-0.6559999999999999,137005514,-1682.0,5379.0,-0.086,0.0617,424.534,-3.823,1
-0.662,149803393,-1333.0,4607.0,-0.087,0.0564,411.47,-3.307,1
-0.6679999999999999,152785589,-1466.0,4863.0,-0.086,0.0543,364.0,-2.74,1
-0.674,150903820,-1264.0,4390.0,-0.085,0.0585,378.408,-3.375,1
-0.68,145617151,-1124.0,3786.0,-0.084,0.0597,448.869,-3.266,1
-0.6859999999999999,146021261,-1462.0,3745.0,-0.08199999999999999,0.0597,323.004,-3.708,1
-0.6920000000000001,146173292,-1340.0,3543.0,-0.08,0.0602,313.529,-3.794,1
-0.698,145909135,-1564.0,2462.0,-0.077,0.0608,328.3230000000001,-3.677,1
-0.7040000000000001,146557022,-1160.0,2132.0,-0.075,0.0614,325.842,-3.995,1
-0.71,146927685,-1102.0,2187.0,-0.07200000000000001,0.0618,347.472,-3.609,1
-0.716,146779219,-1500.0,2152.0,-0.069,0.0619,329.505,-2.7060000000000004,1
-0.722,140850388,-1365.0,1836.0,-0.066,0.0621,365.899,-2.35,1
-0.728,142366547,-1366.0,1825.0,-0.063,0.0634,331.88199999999995,-2.112,1
-0.7340000000000001,143025651,-1332.0,1619.0,-0.06,0.0651,361.001,-2.117,1
-0.7390000000000001,143805570,-1533.0,1319.0,-0.057,0.0674,368.842,-2.509,1
-0.745,147275304,-1266.0,1475.0,-0.054000000000000006,0.0681,276.728,-4.24,1
-0.7509999999999999,145649950,-1399.0,2141.0,-0.051,0.0694,244.259,-3.783,1
-0.7559999999999999,142339801,-1347.0,2122.0,-0.048,0.0431,296.782,-3.1660000000000004,1
-0.762,140294325,-1428.0,1119.0,-0.045,0.0769,302.903,-3.062,1
-0.767,138110646,-1051.0,1210.0,-0.042,0.0787,285.4190000000001,-3.196,1
-0.773,142212451,-941.216,1209.0,-0.039,0.0824,315.108,-3.44,1
-0.778,154523348,-1196.0,1292.0,-0.037000000000000005,0.0902,355.89,-3.952,1
-0.784,165354834,-998.376,1404.0,-0.035,0.0957,363.024,-3.977,1
-0.789,177924408,-1101.0,1412.0,-0.033,0.0198,349.796,-4.061,1
-0.794,177959077,-1224.0,1411.0,-0.03,0.0181,325.28,0.975,1
-0.799,169479896,-1128.0,2299.0,-0.026,0.0173,197.291,1.176,1
-0.805,169998578,-1363.0,2609.0,-0.021,0.0178,239.458,0.732,1
-0.81,170391094,-1361.0,2678.0,-0.016,0.0188,233.954,0.462,1
-0.815,170987418,-1284.0,2417.0,-0.01,0.0193,245.587,-0.119,1
-0.82,159602007,-1169.0,2430.0,-0.004,0.0196,270.194,0.428,1
-0.825,163844464,-1352.0,2350.0,0.003,0.0391,259.781,0.469,1
-0.83,161635042,-1002.0,2368.0,0.009000000000000001,0.0198,269.423,1.021,1
-0.835,158231211,-1108.0,2466.0,0.015,0.02,243.077,0.955,1
-0.84,158308337,-1028.0,2515.0,0.022,0.0203,254.811,1.491,1
-0.845,163423893,-1092.0,2422.0,0.029,0.0214,273.107,3.657,1
-0.85,180407834,-1023.0,1948.0,0.036000000000000004,0.0231,276.38,3.819,1
-0.855,210311952,-1138.0,1316.0,0.044,0.0248,250.637,3.932,1
-0.8590000000000001,236340374,-926.324,745.2510000000002,0.052000000000000005,0.0274,251.43400000000003,4.226,1
-0.8640000000000001,259326019,-1049.0,493.312,0.06,0.0298,292.331,4.565,1
-0.8690000000000001,277174754,-906.047,952.255,0.067,0.0335,361.736,3.916,1
-0.873,285763951,-925.817,1009.0,0.075,0.0292,308.6,2.842,1
-0.878,298110124,-822.395,987.885,0.083,0.0314,309.128,2.283,1
-0.882,310593218,-599.567,1223.0,0.09,0.0337,346.545,2.553,1
-0.8859999999999999,327707887,-668.1469999999998,1301.0,0.096,0.0369,321.435,2.677,1
-0.8909999999999999,355268198,-533.809,2384.0,0.102,0.0401,420.269,3.134,1
-0.895,363703253,-585.9540000000002,3096.0,0.108,0.0412,408.954,3.716,1
-0.899,359487916,-569.616,3472.0,0.113,0.0418,416.564,3.85,1
-0.902,364616075,-537.1030000000002,3594.0,0.117,0.0453,409.028,3.899,1
-0.906,433258973,-616.377,3831.0,0.121,0.0551,423.357,4.584,1
-0.91,594980380,-501.99300000000005,5544.0,0.124,0.0602,523.5219999999998,5.13,1
-0.913,661219369,-729.242,4734.0,0.128,0.0495,410.164,5.044,1
-0.917,770760124,-484.82,4306.0,0.13,0.06,482.458,5.4529999999999985,1
-0.92,825818066,-321.741,6291.0,0.133,0.0675,596.942,9.126,0
-0.923,859380659,-184.613,8594.0,0.136,0.0787,607.0319999999998,7.471,0
-0.926,868171435,-278.402,8962.0,0.139,0.0703,584.639,7.607,0
-0.928,896275064,-276.329,8731.0,0.141,0.0723,594.2090000000002,7.624,0
-0.931,977514907,-374.383,8624.0,0.14400000000000002,0.0797,600.7280000000002,7.162000000000001,0
-0.933,1094666704,-80.821,12659.0,0.145,0.0891,801.79,7.608,0
-0.935,1219130426,-157.769,16393.0,0.146,0.0935,788.0930000000002,8.005,0
-0.937,1313162263,-274.775,16989.0,0.147,0.0982,732.457,7.303,0
-0.938,1341966885,-94.091,19136.0,0.147,0.105,824.924,7.207999999999998,0
-0.939,1376540016,-287.269,16470.0,0.147,0.0916,651.137,7.515,0
-0.94,1433940911,-372.994,13739.0,0.146,0.0918,588.415,7.342,0
-0.941,1485177398,126.74,14390.0,0.14400000000000002,0.0985,785.2330000000002,7.08,0
-0.942,1546832587,-40.729,10123.0,0.142,0.104,682.71,7.69,0
-0.943,1606959621,28.105,7582.0,0.14,0.0991,705.512,7.436,0
-0.943,1632059909,120.906,7074.0,0.138,0.0916,714.245,8.235,0
-0.943,1626043266,-191.848,9123.0,0.135,0.0721,499.25,8.263,0
-0.944,1614291847,-209.476,9702.0,0.132,0.0734,549.1709999999998,8.902999999999997,0
-0.944,1624664837,-142.24200000000005,10493.0,0.129,0.0856,543.486,8.931000000000003,0
-0.944,1634748354,-141.89,10562.0,0.127,0.0917,594.596,10.349,0
-0.944,1643487701,-238.245,11477.0,0.125,0.0888,486.61300000000006,11.446,0
-0.943,1626531852,-250.622,12278.0,0.123,0.0854,460.807,11.83,0
-0.943,1603211818,-239.294,12518.0,0.121,0.087,496.253,12.236,0
-0.943,1580369841,15.375,9487.0,0.12,0.0855,516.908,11.983,0
-0.943,1567903204,-70.688,10937.0,0.119,0.0835,424.992,12.265999999999998,0
-0.942,1593460678,-164.87,11684.0,0.117,0.0774,466.724,12.228,0
-0.942,1599787816,-233.55900000000003,9980.0,0.116,0.0673,376.206,12.384,0
-0.942,1631066506,-256.47700000000003,11736.0,0.115,0.0555,299.68,11.674,1
-0.941,1631084039,-216.575,10141.0,0.114,0.0616,351.48,11.613,0
-0.941,1614841630,-222.973,7601.0,0.113,0.0664,314.891,11.56,0
-0.941,1581243593,-262.068,9279.0,0.111,0.0614,286.682,12.086,0
-0.941,1564336365,-254.73,9878.0,0.11,0.0635,281.558,11.657,0
-0.941,1556100616,-266.583,9890.0,0.108,0.065,280.033,11.792,0
-0.94,1536878342,-199.105,7781.0,0.106,0.0671,283.407,12.186,0
-0.94,1516625174,-83.553,7519.0,0.104,0.0737,276.822,10.015,0
-0.94,1494966539,-104.247,6875.0,0.101,0.073,329.254,9.799,0
-0.94,1462839557,-112.733,5385.0,0.097,0.0753,327.066,9.762,0
-0.94,1433325153,-123.828,3245.0,0.094,0.0738,281.436,9.507,0
-0.94,1412668539,-83.645,2521.0,0.09,0.073,333.098,9.397,0
-0.94,1408073199,-107.269,882.6339999999999,0.086,0.0761,317.265,9.481,0
-0.94,1404341421,-81.811,585.563,0.081,0.0757,329.658,8.267000000000001,0
-0.94,1399479819,-15.012,698.1089999999998,0.077,0.0771,348.987,5.999,0
-0.94,1376004241,-155.219,1032.0,0.07200000000000001,0.078,223.189,6.167999999999998,0
-0.94,1338571267,-143.701,1019.0,0.067,0.0794,305.1670000000001,6.167000000000002,0
-0.94,1291609075,-50.032,1058.0,0.062,0.0835,272.972,6.662000000000001,0
-0.94,1263561143,45.414,1259.0,0.057,0.0878,358.9430000000001,6.43,0
-0.94,1261553288,11.005999999999998,1282.0,0.052000000000000005,0.0962,339.329,6.655,0
-0.94,1235831044,-16.82,1232.0,0.047,0.0915,309.022,6.921,0
-0.94,1211923768,-37.798,1144.0,0.042,0.0848,309.6740000000001,6.609,0
-0.939,1183150733,1.4240000000000002,1148.0,0.038,0.085,330.9290000000001,6.1179999999999986,0
-0.939,1137173499,-89.228,1217.0,0.033,0.0846,276.671,6.011,0
-0.939,1115364299,-2.9410000000000003,1175.0,0.029,0.0899,328.941,5.932,0
-0.939,1090279579,-25.871,1181.0,0.024,0.0894,335.13,6.05,0
-0.939,1069413909,-163.79399999999995,1952.0,0.02,0.0837,205.048,6.0520000000000005,0
-0.939,1051410235,-38.053,2184.0,0.016,0.0844,238.674,6.127000000000002,0
-0.939,1020657600,19.643,2054.0,0.012,0.0858,263.902,6.669,0
-0.939,994470305,-64.863,1972.0,0.009000000000000001,0.0854,231.919,6.558,0
-0.939,974737986,-97.121,2459.0,0.006,0.0823,205.781,6.763,0
-0.939,941368291,-29.947,2513.0,0.003,0.0837,255.472,6.8279999999999985,0
-0.939,932183562,-85.32700000000001,2254.0,0.001,0.0842,229.781,7.427,0
-0.939,944827212,-83.713,1943.0,-0.001,0.0886,272.177,7.86,0
-0.939,941412058,-144.735,1995.0,-0.003,0.0863,218.289,7.9,0
-0.939,937042295,-94.022,1840.0,-0.004,0.0852,255.773,8.09,0
-0.939,923825779,-103.006,1531.0,-0.006,0.0838,222.274,2.553,0
-0.939,877670428,14.441,1590.0,-0.006999999999999999,0.0808,211.733,3.355,0
-0.939,818578571,-49.692,1270.0,-0.006999999999999999,0.0829,189.766,3.265,0
-0.939,789371258,-45.131,664.824,-0.006999999999999999,0.0861,188.823,3.489,0
-0.939,765748062,-32.79,643.602,-0.006999999999999999,0.0859,212.797,3.744,0
-0.94,746067323,-104.273,887.562,-0.006999999999999999,0.0798,165.921,3.59,0
-0.94,723604249,-76.676,850.427,-0.006,0.0826,183.105,3.417,0
-0.94,690393123,-59.723,837.0880000000002,-0.005,0.0813,209.699,3.279,0
-0.94,643258561,-51.815,871.8789999999998,-0.004,0.0825,191.262,3.361,0
-0.941,603318002,-66.09100000000001,779.35,-0.003,0.0839,188.72,3.545,0
-0.941,582830928,-78.233,761.57,-0.002,0.0836,194.874,1.3,0
-0.941,583063170,-101.655,491.26,0.0,0.0817,174.726,0.937,0
-0.942,587133395,-61.551,473.838,0.001,0.0818,189.086,1.668,0
-0.942,585894118,-88.389,285.041,0.003,0.083,163.04399999999995,-1.054,0
-0.943,586599422,-123.763,242.887,0.004,0.08,168.56799999999996,-1.102,0
-0.943,587517030,-232.988,418.398,0.004,0.0728,128.748,-1.172,0
-0.944,577635437,-167.565,522.405,0.004,0.0697,141.035,-1.238,0
-0.945,570614963,-200.047,827.715,0.004,0.0676,109.08,-1.099,0
-0.945,566248424,-207.908,769.8589999999998,0.004,0.066,138.637,-1.378,0
-0.946,559842661,-196.941,893.668,0.004,0.0661,124.494,-1.012,0
-0.947,606445475,-288.64,933.694,0.003,0.0634,131.629,-0.984,0
-0.948,599307642,-300.534,909.023,0.002,0.0575,108.42,-0.74,0
-0.949,584019222,-306.458,910.821,0.001,0.0548,110.106,-0.775,0
-0.95,563585431,-293.862,841.164,0.0,0.0588,115.166,-1.022,0
-0.951,567247916,-302.627,653.016,-0.001,0.0634,120.731,-0.885,0
-0.952,540635190,-433.05300000000005,674.49,-0.002,0.063,90.469,-0.916,0
-0.953,538728847,-305.387,450.829,-0.002,0.0628,104.778,-0.279,0
-0.954,530461971,-376.253,359.04,-0.003,0.0622,106.205,-0.146,0
-0.955,538532843,-502.222,221.988,-0.003,0.0598,94.72,-3.258,0
-0.956,547531381,-525.715,284.934,-0.003,0.0565,81.316,-1.829,0
-0.958,540391274,-479.756,224.907,-0.003,0.0578,104.883,-1.663,0
-0.959,541314842,-500.84,243.446,-0.003,0.0619,93.369,-1.403,0
-0.96,577871601,-504.208,182.317,-0.003,0.057,96.52,-1.6780000000000002,0
-0.962,589552116,-729.296,223.643,-0.003,0.05,72.495,-2.764,1
-0.963,588888800,-688.809,157.05200000000005,-0.004,0.0573,99.284,-2.659,1
-0.965,585137115,-638.996,153.665,-0.005,0.058,93.461,-2.085,0
-0.967,605893720,-742.933,160.769,-0.006,0.0568,81.992,-1.887,0
-0.968,613531935,-584.268,188.859,-0.006999999999999999,0.056,66.869,-2.019,1
-0.97,606576080,-518.0409999999998,160.17700000000005,-0.008,0.0561,70.374,-1.791,1
-0.971,682006326,-703.203,164.054,-0.01,0.0605,82.03,-2.083,1
-0.973,741654575,-590.2090000000002,146.666,-0.011,0.0678,92.501,-1.546,0
-0.975,757756270,-619.887,122.079,-0.013,0.0662,85.625,-1.018,1
-0.977,774897720,-617.837,124.173,-0.014,0.0661,96.408,-1.505,0
-0.978,783169638,-417.979,124.209,-0.016,0.0642,81.271,-7.423999999999999,1
-0.98,769056327,-468.828,101.23,-0.02,0.062,80.342,-7.127999999999999,1
-0.982,773083522,-454.638,97.297,-0.025,0.0627,88.848,-7.945,1
-0.984,804562124,-520.106,92.786,-0.031,0.063,74.49,-11.898,1
-0.986,818390757,-400.541,84.084,-0.039,0.0626,86.072,-12.6,1
-0.987,836375388,-370.594,70.066,-0.048,0.0637,90.213,-12.63,1
-0.989,850325525,-426.509,73.987,-0.057,0.0639,69.744,-12.851,1
-0.991,863079957,-447.583,84.48700000000002,-0.066,0.0633,69.325,-12.504,0
-0.993,861404285,-347.796,70.70100000000002,-0.076,0.0631,77.196,-12.493,0
-0.995,859935528,-385.95,60.979,-0.086,0.0632,80.775,-12.447,0
-0.997,871445851,-308.495,75.517,-0.096,0.0625,67.711,-12.45,0
-0.999,867325000,-229.662,73.6,-0.105,0.0614,70.018,-12.5,0
-1.001,868058208,-273.558,71.191,-0.114,0.0614,77.922,-12.713,0
-1.003,868936291,-241.565,50.149,-0.123,0.0596,73.325,-12.562,1
-1.004,870337087,-213.356,50.238,-0.131,0.0582,73.32600000000002,-12.153,1
-1.006,858825062,-219.261,63.462,-0.139,0.0563,62.29600000000001,-12.009,1
-1.008,859310959,-207.883,50.841,-0.147,0.0564,72.15,-11.879,1
-1.01,863285702,-217.595,55.986,-0.153,0.0564,65.813,-12.046,1
-1.012,854496695,-223.625,70.935,-0.16,0.0578,53.197,-10.838,1
-1.014,840169180,-270.513,53.142,-0.166,0.058,58.742,-10.74,1
-1.016,833095348,-268.10900000000004,60.323,-0.171,0.0543,58.957,-10.427,1
-1.018,815791444,-233.581,88.74799999999998,-0.175,0.0503,47.856,-9.721,1
-1.02,807006000,-281.41200000000003,95.089,-0.179,0.0499,51.685,-9.613,1
-1.022,806394941,-275.526,109.691,-0.182,0.0469,41.739,-9.896,1
-1.024,786686101,-278.612,115.659,-0.184,0.0457,51.047,-9.467,1
-1.027,742073435,-303.832,125.662,-0.18600000000000005,0.0476,45.155,-8.335,1
-1.029,737676734,-170.482,101.529,-0.187,0.0466,52.707,-8.086,1
-1.031,733122829,-262.883,96.21,-0.187,0.0435,42.285,-8.404,1
-1.033,709870916,-228.954,78.533,-0.187,0.0444,44.018,-9.012,1
-1.035,702083254,-322.313,89.619,-0.18600000000000005,0.0452,36.63,-8.905,1
-1.037,703848618,-300.697,65.59100000000001,-0.185,0.0459,38.632,-8.863,1
-1.039,698598161,-271.851,51.928,-0.184,0.0454,37.171,-8.857000000000003,1
-1.042,695077044,-274.802,58.32,-0.182,0.0451,34.871,-8.787,1
-1.044,686128845,-292.251,47.987,-0.181,0.0447,38.678,-8.863999999999997,1
-1.046,672619922,-244.754,40.204,-0.179,0.0408,31.917,-9.059,1
-1.0490000000000002,657786903,-292.127,39.774,-0.17600000000000002,0.0403,36.814,-9.164,1
-1.051,643432178,-300.632,34.771,-0.174,0.0425,34.498000000000005,-9.073,1
-1.053,641268313,-170.90599999999995,37.189,-0.172,0.0416,34.141,-9.074,1
-1.055,629571925,-200.702,27.702,-0.16899999999999998,0.0446,37.973,-8.828,1
-1.058,626289356,-225.253,24.755,-0.16699999999999998,0.0488,38.65,-9.329,1
-1.06,614463810,-191.719,9.746,-0.16399999999999998,0.0517,40.201,-9.57,1
-1.062,598165966,-165.076,8.856,-0.161,0.0505,40.706,-10.136,1
-1.065,558411998,-219.654,5.6720000000000015,-0.159,0.0485,35.81800000000001,-10.29,1
-1.067,526087959,-195.346,6.0779999999999985,-0.156,0.0491,34.435,-10.307,1
-1.069,525612324,-233.617,6.059,-0.153,0.0501,38.56,-10.333,1
-1.072,532964994,-183.973,6.426,-0.151,0.0499,34.316,-10.383,1
-1.074,531699800,-222.163,6.832999999999998,-0.14800000000000002,0.0492,33.61,-10.537,1
-1.0759999999999998,529302124,-187.378,6.5779999999999985,-0.145,0.0487,34.897,-9.595,1
-1.079,520688200,-178.821,6.0379999999999985,-0.142,0.0487,32.911,-10.368,1
-1.081,500494050,-151.111,6.41,-0.139,0.0465,38.655,-10.425999999999998,1
-1.083,491652679,-158.414,8.621,-0.136,0.0456,30.409,-10.556,1
-1.086,491646865,-178.25,8.519,-0.132,0.0451,34.548,-10.755999999999998,1
-1.088,489870249,-137.528,12.07,-0.129,0.0436,28.393,-10.619000000000002,1
-1.09,479641632,-148.64700000000005,11.312,-0.125,0.0443,34.459,-10.925,1
-1.093,475520352,-185.75,17.073,-0.122,0.0444,23.949,-10.975,1
-1.095,473014367,-157.785,13.59,-0.118,0.0454,33.477,-10.852,1
-1.097,466673687,-162.52700000000004,16.492,-0.115,0.0449,26.193,-11.517,1
-1.099,485397005,-168.91099999999997,19.24,-0.111,0.0439,25.963,-11.584,1
-1.102,487954487,-146.95600000000005,17.108,-0.108,0.0435,27.769,-11.528,1
-1.104,494042962,-163.938,18.86,-0.105,0.0432,25.148000000000003,-12.300999999999998,1
-1.106,491742384,-130.842,18.414,-0.102,0.0427,32.203,-9.96,1
-1.109,492065315,-144.20600000000005,19.37,-0.099,0.0435,24.362,-9.96,1
-1.111,491908787,-99.942,18.715,-0.096,0.0441,28.806,-9.679,1
-1.113,486590102,-112.644,12.418,-0.093,0.0444,28.392,-9.756,1
-1.115,480966246,-79.777,12.255,-0.09,0.045,29.304,-9.726,1
-1.118,481415522,-114.155,10.686,-0.087,0.0443,24.482,-9.381,1
-1.12,481454816,-96.341,10.679,-0.084,0.0438,28.153,-9.503,1
-1.122,465652354,-107.359,8.232000000000001,-0.081,0.0437,24.27,-9.626,1
-1.124,466249610,-84.06200000000003,8.046,-0.079,0.0442,24.358,-9.671,1
-1.127,466212725,-83.89,5.185,-0.076,0.0446,26.216,-9.662,1
-1.129,464196544,-88.931,5.182,-0.073,0.0445,26.235,-9.47,1
-1.131,448887831,-96.418,5.567,-0.071,0.0446,24.313,-9.622,1
-1.133,448427185,-63.99800000000001,5.484,-0.068,0.0445,26.472,-9.803,1
-1.135,448678106,-79.777,5.516,-0.065,0.0445,25.001,-10.333,1
-1.137,452478217,-80.453,3.124,-0.063,0.0465,25.752,-10.191,1
-1.14,453584545,-66.245,3.194,-0.06,0.0492,28.475,-10.38,0
-1.142,453761804,-52.76600000000001,3.113,-0.058,0.0509,28.551,-10.366,0
-1.144,451376902,-74.817,3.768,-0.056,0.0529,30.066,-10.568,0
-1.146,474352332,-67.815,3.224,-0.053,0.0519,25.554,-7.459,0
-1.148,455707063,-68.17399999999999,3.222,-0.049,0.056,28.346,-6.94,0
-1.15,439188318,-45.295,3.065,-0.044,0.058,27.2,-5.563,0
-1.152,429305344,-73.218,2.71,-0.04,0.0573,26.066,-5.933,0
-1.154,429135425,-64.40100000000001,2.661,-0.035,0.0572,29.06,-5.74,0
-1.156,421368017,-55.784,2.662,-0.029,0.0567,26.207,-5.567,0
-1.158,423068378,-36.221,3.503,-0.024,0.0593,30.648000000000003,-5.655,0
-1.16,427770052,-41.15,3.031,-0.019,0.062,29.224,-5.624,0
-1.161,381523567,-50.332,3.989,-0.014,0.0644,31.699,-5.3679999999999986,0
-1.163,336695322,-59.21,5.009,-0.009000000000000001,0.0636,33.291,-5.8820000000000014,0
-1.165,328053146,-55.65,4.485,-0.004,0.0664,29.974,-6.028,0
-1.167,319617846,-66.127,4.596,0.001,0.0642,30.281,-5.936,0
-1.168,320553895,-51.506,4.614,0.006,0.0651,29.766,0.161,0
-1.17,320893588,-54.017,5.025,0.011,0.0654,26.326,-0.345,0
-1.171,328779652,-59.424,4.206,0.015,0.0651,29.424,0.537,0
-1.173,310717046,-49.131,5.122999999999998,0.019,0.0653,25.359,3.909,0
-1.175,304438019,-55.764,5.012,0.023,0.0648,30.309,3.909,0
-1.176,291102819,-62.378,4.448,0.026,0.0651,27.835,3.923,0
-1.178,283634867,-42.75100000000001,4.7860000000000005,0.03,0.0643,26.993,4.105,0
-1.179,277049567,-41.03100000000001,4.214,0.033,0.0621,28.294,4.0939999999999985,0
-1.18,273481140,-52.102,5.146,0.036000000000000004,0.0596,25.093000000000004,4.172,0
-1.182,269118682,-55.56399999999999,5.999,0.039,0.0575,25.211,4.313,0
-1.183,264389680,-42.928,6.0710000000000015,0.041,0.0565,24.782,4.292,0
-1.185,259579423,-44.592,4.3039999999999985,0.044,0.0596,25.426,4.244,0
-1.186,263331970,-52.808,4.157,0.046,0.0597,25.114,4.519,0
-1.187,263346100,-52.31800000000001,5.724,0.048,0.0608,21.007,4.533,0
-1.188,258190001,-49.369,5.247999999999998,0.05,0.0603,23.957,4.4860000000000015,0
-1.19,259474989,-38.875,5.706,0.052000000000000005,0.0591,23.422,4.591,0
-1.1909999999999998,257991793,-50.28100000000001,5.66,0.053,0.0589,21.869,4.581,0
-1.192,253813298,-45.569,7.376,0.055,0.0599,20.244,4.56,0
-1.193,253905402,-29.81,5.273,0.056,0.0589,23.387,4.195,0
-1.194,254801293,-36.676,4.711,0.056,0.0586,22.066,2.329,0
-1.196,252655525,-37.949,4.58,0.055,0.0569,21.008000000000006,2.063,0
-1.197,250105556,-27.154,3.349,0.054000000000000006,0.057,20.702,1.245,0
-1.198,245369727,-28.246,3.0580000000000003,0.053,0.0584,23.439,1.169,0
-1.199,251008799,-19.852,2.728,0.051,0.0597,21.887,1.203,0
-1.2,251471580,-34.213,4.596,0.049,0.0595,16.834,0.7909999999999999,0
-1.2009999999999998,252578322,-27.205,4.824,0.046,0.062,17.95,0.773,0
-1.202,255117108,-33.364000000000004,4.165,0.044,0.0649,19.342,1.013,0
-1.203,257844545,-23.046,4.427,0.041,0.0646,19.238,1.279,0
-1.204,256588440,-24.564,3.931,0.039,0.0644,19.454,1.099,0
-1.205,259800030,-15.739,3.399,0.036000000000000004,0.0637,20.891,1.294,0
-1.206,271507617,-21.035,3.831,0.033,0.063,17.597,1.037,0
-1.207,274797064,-18.732,4.059,0.03,0.0633,18.439,1.029,0
-1.208,279354852,-15.512,3.278,0.027000000000000003,0.0627,19.359,0.54,0
-1.209,303142554,-20.254,3.016,0.024,0.0621,18.424,0.505,0
-1.21,303881860,-12.723,2.872,0.021,0.0621,19.194000000000006,0.6409999999999999,0
-1.211,304026860,-18.847,2.892,0.018000000000000002,0.0617,17.967,0.754,0
-1.212,290920562,-16.111,1.588,0.015,0.0622,18.387,0.711,0
-1.213,292368510,-15.223,0.917,0.011,0.0632,18.918,0.87,0
-1.213,294619306,-19.358,0.649,0.008,0.063,18.615,0.823,0
-1.214,283169041,-21.976,0.919,0.005,0.0622,16.674,1.126,0
-1.215,280072874,-19.992,1.043,0.002,0.0621,20.209,0.99,0
-1.216,283277039,-24.924,1.625,0.0,0.0617,15.782,1.3259999999999998,0
-1.217,281348316,-16.16,1.653,-0.003,0.0618,19.657,1.361,0
-1.217,276933733,-15.796,1.246,-0.005,0.0622,18.639,1.261,0
-1.218,289379296,-20.154,1.194,-0.008,0.0626,18.406,1.297,0
-1.219,283225946,-17.962,1.494,-0.01,0.0622,16.354,1.295,0
-1.219,284611479,-14.925,1.4240000000000002,-0.012,0.0619,18.686,1.0490000000000002,0
-1.22,290517037,-17.829,1.519,-0.014,0.062,17.067,0.267,0
-1.221,291398603,-14.589,1.443,-0.016,0.0619,18.322,0.084,0
-1.221,289939141,-21.966,1.579,-0.018000000000000002,0.0608,16.689,0.23,0
-1.222,280630136,-11.958,1.5830000000000002,-0.02,0.06,18.451,0.271,0
-1.222,297803366,-19.841,2.227,-0.022,0.0595,14.706,0.305,0
-1.223,298017720,-12.255,2.322,-0.023,0.0596,16.139,0.113,0
-1.223,299473196,-17.67,2.3080000000000003,-0.025,0.0585,16.789,0.578,0
-1.224,303598755,-8.541,2.023,-0.026,0.0584,15.408,0.6809999999999999,0
-1.224,302929205,-17.069000000000006,1.92,-0.027000000000000003,0.0575,16.409000000000002,0.523,0
-1.225,299009981,-11.557,1.877,-0.028,0.0575,14.636,0.873,0
-1.225,275195209,-9.826,1.673,-0.029,0.0591,16.136,1.3119999999999998,0
-1.226,289531029,-11.688,1.474,-0.029,0.059,16.082,1.409,0
-1.226,287085738,-10.449000000000002,1.705,-0.029,0.0583,14.698,1.337,0
-1.226,289280616,-17.713,1.53,-0.029,0.0586,14.489,1.347,0
-1.227,291325737,-8.547,1.4680000000000002,-0.029,0.0582,15.816,1.609,0
-1.227,294538141,-11.29,1.251,-0.029,0.0581,17.516,1.59,0
-1.227,294788500,-12.991,1.233,-0.028,0.0584,15.401,1.6269999999999998,0
-1.228,286620728,-14.059,0.7490000000000001,-0.027000000000000003,0.0591,15.245,1.592,0
-1.228,298574677,-8.365,0.6859999999999999,-0.027000000000000003,0.0587,16.117,1.614,0
-1.228,299043652,-13.434,0.746,-0.026,0.0588,14.72,1.604,0
-1.228,296615444,-8.934,0.655,-0.025,0.0584,15.336,1.6369999999999998,0
-1.228,297728105,-10.839,0.936,-0.023,0.0568,13.519,1.632,0
-1.229,297061531,-13.67,1.39,-0.022,0.0551,12.546,1.646,0
-1.229,297463479,-11.223,1.371,-0.021,0.0519,15.012,1.769,0
-1.229,294199767,-11.782,1.745,-0.02,0.0506,12.53,1.85,0
-1.229,292981247,-14.463,2.175,-0.018000000000000002,0.0502,12.008,1.989,0
-1.229,292196662,-11.521,2.264,-0.017,0.0504,13.48,2.027,0
-1.229,285651575,-12.35,2.352,-0.015,0.0476,13.403,2.149,0
-1.229,285032411,-17.635,3.0410000000000004,-0.013,0.0477,10.84,2.2840000000000003,0
-1.23,284993445,-18.104,2.926,-0.012,0.0491,10.446,2.272,0
-1.23,284340711,-19.297,3.167,-0.01,0.0521,10.769,2.9410000000000003,0
-1.23,266262057,-15.267,3.408,-0.008,0.0513,10.287,-0.6990000000000001,0
-1.23,271069160,-17.305,2.805,-0.006,0.0504,11.042,-0.483,0
-1.23,277710427,-17.502,2.934,-0.003,0.0504,9.697,-0.504,0
-1.23,276133010,-15.444,2.301,-0.001,0.0503,10.622,-0.467,0
-1.23,272232711,-17.121,2.095,0.001,0.0508,11.94,-0.354,0
-1.23,271862384,-15.243,2.083,0.003,0.0515,10.965,-0.301,0
-1.231,270360676,-20.103,1.258,0.006,0.051,10.545,0.313,0
-1.231,271126944,-18.59,1.171,0.008,0.0507,10.634,0.289,0
-1.231,265648667,-20.465,1.12,0.011,0.0503,11.234000000000002,0.735,0
-1.231,266317161,-23.04,0.73,0.013,0.0489,10.252,0.737,0
-1.231,260809145,-22.599,0.989,0.016,0.0479,7.375,0.366,0
-1.231,260278712,-21.268,1.115,0.019,0.0477,9.013,0.21,0
-1.231,257274759,-20.427,1.181,0.021,0.0475,9.338,0.112,0
-1.231,257282255,-18.057,1.415,0.024,0.0481,8.269,0.506,0
-1.231,251130379,-20.893,1.57,0.026,0.0485,8.531,0.328,0
-1.231,257384937,-15.38,1.481,0.028,0.0481,9.979,0.375,0
-1.232,290914406,-22.222,1.696,0.03,0.0482,8.087,0.335,0
-1.232,288855315,-19.798,1.825,0.032,0.047,8.036,0.17600000000000002,0
-1.232,287977437,-18.126,1.4169999999999998,0.034,0.0466,8.867,-0.064,0
-1.232,308504342,-19.137,1.221,0.035,0.0482,9.157,-0.275,0
-1.232,308542075,-15.592,1.098,0.037000000000000005,0.0476,9.501,-0.294,0
-1.232,309920669,-17.347,1.025,0.038,0.0472,7.864,-0.445,0
-1.232,317663131,-15.59,0.64,0.039,0.0475,9.192,-0.452,0
-1.232,339301600,-18.006,0.5920000000000001,0.039,0.0477,7.42,-0.417,0
-1.232,334386173,-16.782,0.483,0.04,0.0475,8.332,-0.416,0
-1.232,348728704,-12.852,0.4920000000000001,0.04,0.0468,8.155,-0.476,0
-1.233,348800784,-16.151,0.491,0.04,0.0456,7.806,-0.687,0
-1.233,348472450,-16.2,0.6,0.041,0.0439,7.221,-0.5489999999999999,0
-1.233,349375953,-15.149,0.794,0.04,0.0406,6.72,-0.726,0
-1.233,347520684,-13.021,0.6409999999999999,0.04,0.041,7.223,-0.187,0
-1.233,348117483,-17.038,0.848,0.04,0.0401,6.349,0.722,0
-1.233,348708598,-14.962,0.899,0.041,0.04,7.104,2.459,0
-1.233,348204697,-14.601,0.968,0.04,0.0407,6.408,2.032,0
-1.233,347941564,-13.503,0.828,0.04,0.0429,7.199,2.129,0
-1.233,349777021,-16.401,0.564,0.04,0.0411,7.0379999999999985,2.218,0
-1.234,345576718,-16.713,0.877,0.04,0.0405,5.174,2.32,0
-1.234,346480838,-10.814,0.659,0.04,0.0401,6.021,2.355,0
-1.234,372773752,-12.669,0.838,0.039,0.0391,5.2810000000000015,2.371,0
-1.234,367437684,-13.757,0.7609999999999999,0.039,0.0377,5.585,1.929,0
-1.234,374349474,-13.223,0.608,0.039,0.0379,6.015,1.7990000000000002,0
-1.235,380848766,-13.974,0.537,0.038,0.0384,5.48,2.461,0
-1.235,376732748,-15.627,0.545,0.038,0.0378,5.265,2.533,0
-1.235,363403097,-12.01,0.547,0.038,0.0367,5.5870000000000015,2.197,0
-1.235,362371770,-13.179,0.494,0.037000000000000005,0.0346,5.26,2.307,0
-1.236,398332182,-14.817,0.616,0.037000000000000005,0.0316,4.542,3.419,0
-1.236,371498507,-13.792,0.58,0.037000000000000005,0.0322,4.632,4.2010000000000005,0
-1.236,368948823,-15.072,0.688,0.037000000000000005,0.0328,4.121,4.379,0
-1.236,368828494,-12.816,0.474,0.037000000000000005,0.0339,5.151,4.386,0
-1.237,368446826,-12.557,0.282,0.037000000000000005,0.0365,5.83,4.3260000000000005,0
-1.237,367553921,-13.724,0.282,0.037000000000000005,0.0362,5.194,4.251,0
-1.237,364716028,-13.841,0.254,0.038,0.0359,4.774,4.669,0
-1.238,398944139,-11.311,0.255,0.038,0.0363,5.362,4.618,0
-1.238,401785238,-14.58,0.258,0.039,0.0379,5.629,4.16,0
-1.238,405080651,-10.427,0.21,0.04,0.0402,5.355,3.983,0
-1.238,408264049,-13.845,0.233,0.04,0.0394,5.812,4.441,0
-1.239,406563936,-13.117,0.24,0.041,0.0386,5.522,4.232,0
-1.239,393908453,-12.911,0.236,0.041,0.0379,5.495,4.192,0
-1.239,395966898,-10.597,0.257,0.041,0.0385,5.7570000000000014,4.0710000000000015,0
-1.239,415579423,-13.604,0.224,0.041,0.0388,5.082,4.799,0
-1.24,408380310,-11.579,0.195,0.041,0.0382,5.489,4.548,0
-1.24,410210137,-12.182,0.118,0.041,0.0384,6.14,4.643,0
-1.24,408279948,-11.405,0.113,0.041,0.0383,5.284,4.934,0
-1.24,407254912,-13.222,0.107,0.041,0.0367,5.229,4.901,0
-1.241,386440879,-9.744,0.118,0.041,0.0356,4.963,4.7189999999999985,0
-1.241,390081644,-11.098,0.098,0.041,0.0349,5.041,4.586,0
-1.241,392219795,-12.544,0.193,0.041,0.0351,4.245,4.242,0
-1.241,392057147,-9.852,0.191,0.04,0.0353,5.556,4.231,0
-1.241,390663085,-11.880999999999998,0.236,0.04,0.0353,4.5280000000000005,4.42,0
-1.241,388515344,-9.423,0.21600000000000005,0.039,0.0345,5.212999999999999,4.18,0
-1.241,386045126,-11.265999999999998,0.219,0.038,0.0338,4.87,3.613,0
-1.242,366007414,-11.155,0.217,0.037000000000000005,0.0341,4.926,3.758,0
-1.242,368074578,-10.36,0.231,0.037000000000000005,0.0329,4.338,3.519,0
-1.242,421196104,-10.218,0.272,0.036000000000000004,0.0324,4.272,3.5210000000000004,0
-1.242,421166153,-10.875,0.254,0.035,0.0328,4.94,3.1830000000000003,0
-1.242,421289777,-13.108,0.163,0.034,0.0326,4.408,3.135,0
-1.242,419617961,-11.764,0.24,0.033,0.0337,3.637,3.669,0
-1.242,421719480,-10.349,0.223,0.032,0.0342,4.897,3.949,0
-1.242,405971918,-11.842,0.229,0.031,0.0345,4.275,3.653,0
-1.242,412476876,-10.2,0.218,0.03,0.0343,4.519,3.964,0
-1.242,430832036,-10.675999999999998,0.208,0.03,0.035,4.66,4.117,0
-1.243,433558857,-9.159,0.147,0.03,0.0366,4.36,4.146,0
-1.243,433593248,-8.269,0.152,0.029,0.0367,4.277,3.941,0
-1.243,439879708,-9.629,0.171,0.029,0.0395,5.384,3.781,0
-1.242,440151594,-6.857,0.25,0.029,0.0429,5.674,3.628,0
-1.242,444614648,-6.888,0.261,0.029,0.0397,5.12,3.972,0
-1.242,446847938,-8.838,0.254,0.029,0.0387,4.642,3.366,0
-1.242,478332955,-8.357999999999999,0.253,0.029,0.0384,5.045,4.375,0
-1.242,478528343,-5.978,0.25,0.029,0.0397,4.862,4.213,0
-1.242,477791938,-5.49,0.248,0.03,0.0381,4.956,4.078,0
-1.242,477792871,-6.1160000000000005,0.156,0.03,0.0379,4.6530000000000005,3.621,0
-1.241,477567413,-5.689,0.159,0.031,0.0366,4.598,3.876,0
-1.241,459366175,-6.763,0.158,0.032,0.0352,4.279,3.543,0
-1.241,460343284,-5.05,0.155,0.032,0.0357,4.647,3.41,0
-1.241,484395070,-6.27,0.16699999999999998,0.033,0.0359,4.352,3.324,0
-1.24,483960982,-7.166,0.154,0.034,0.0375,4.773,3.199,0
-1.24,484043884,-6.5710000000000015,0.146,0.034,0.0383,4.394,3.2030000000000003,0
-1.24,483573621,-5.85,0.121,0.035,0.0372,4.695,3.027,0
-1.239,472853188,-5.825,0.058,0.035,0.0371,4.808,2.975,0
-1.239,465667350,-6.7,0.046,0.036000000000000004,0.0369,4.534,3.965,0
-1.238,467512816,-5.242000000000001,0.054000000000000006,0.037000000000000005,0.0379,5.009,4.155,0
-1.238,531652376,-2.596,0.045,0.039,0.0378,4.78,4.397,0
-1.237,530756242,-4.898,0.061,0.041,0.038,4.115,5.2429999999999986,0
-1.237,537919991,-4.168,0.075,0.043,0.0381,5.17,5.629,0
-1.236,536141250,-3.769,0.076,0.046,0.0379,4.5,5.7879999999999985,0
-1.236,533093270,-3.594,0.08199999999999999,0.049,0.0374,4.937,6.0120000000000005,0
-1.235,516971170,-5.063,0.076,0.052000000000000005,0.0373,4.916,7.888,0
-1.234,502287411,-3.816,0.08800000000000001,0.057,0.0375,4.271,9.572,0
-1.234,539991782,-3.482,0.08199999999999999,0.062,0.0375,4.555,9.679,0
-1.233,549701817,-3.54,0.11,0.068,0.0369,5.3279999999999985,9.386,0
-1.232,543431592,-4.735,0.109,0.07400000000000001,0.0353,4.422,9.389,0
-1.231,538199935,-5.562,0.149,0.08,0.0349,3.939,9.259,0
-1.23,523781129,-3.051,0.149,0.086,0.0352,4.813,9.051,0
-1.229,498694778,-5.029,0.165,0.091,0.0351,4.162,9.058,0
-1.228,495337056,-2.9560000000000004,0.156,0.096,0.0347,4.464,8.783,0
-1.228,540977498,-3.898,0.155,0.101,0.0348,4.434,8.761000000000001,0
-1.227,552788975,-3.937,0.149,0.106,0.0347,4.218,8.691,0
-1.226,564800142,-3.33,0.122,0.11,0.0335,4.475,8.874,0
-1.225,569606971,-3.355,0.152,0.113,0.0323,3.866,8.627,0
-1.224,564889287,-2.862,0.159,0.116,0.0313,3.858,8.593,0
-1.222,550665401,-2.873,0.139,0.119,0.0312,4.35,7.6560000000000015,0
-1.221,570279543,-2.446,0.154,0.121,0.0325,3.903,7.53,0
-1.22,576595022,-3.156,0.16,0.123,0.0324,3.948,7.457000000000002,0
-1.219,586990232,-1.34,0.126,0.123,0.0328,5.0680000000000005,5.1770000000000005,0
-1.218,589097685,-3.259,0.131,0.122,0.0333,3.94,4.966,0
-1.217,591247515,-2.814,0.124,0.121,0.0329,4.224,6.645,0
-1.215,597864664,-1.268,0.108,0.12,0.0319,3.906,6.65,0
-1.214,589854526,-1.743,0.108,0.118,0.0323,4.2780000000000005,6.718,0
-1.213,580544402,-1.42,0.11,0.116,0.0319,3.861,6.83,0
-1.211,609093726,-1.3019999999999998,0.106,0.114,0.0315,4.283,6.688,0
-1.21,612845923,-2.112,0.11,0.112,0.0315,3.904,6.371,0
-1.209,613201582,-1.474,0.102,0.11,0.0312,4.006,6.492000000000001,0
-1.207,614695810,-1.561,0.109,0.107,0.0313,3.704,6.2570000000000014,0
-1.206,661065974,-1.538,0.105,0.104,0.0316,4.049,6.787000000000001,0
-1.204,644441628,-1.3219999999999998,0.102,0.102,0.0314,3.938,6.442,0
-1.203,637236023,-0.847,0.109,0.099,0.0304,3.695,5.711,0
-1.2009999999999998,635220234,-1.046,0.124,0.095,0.0275,3.5860000000000003,5.159,0
-1.2,638314066,-0.942,0.081,0.092,0.0272,3.18,5.072,0
-1.198,635206518,-1.6980000000000002,0.093,0.08900000000000001,0.0276,3.4530000000000003,5.09,0
-1.197,629872680,-2.5810000000000004,0.106,0.086,0.0287,3.249,4.702,0
-1.195,627130175,-1.384,0.105,0.08199999999999999,0.0288,3.81,4.208,0
-1.194,611173175,-1.513,0.102,0.078,0.0284,3.261,3.548,0
-1.192,635047975,-1.795,0.102,0.07400000000000001,0.028,3.567,3.227,0
-1.1909999999999998,646772530,-2.065,0.075,0.07,0.0273,3.563,3.829,0
-1.189,647062709,-2.343,0.094,0.066,0.0269,3.011,3.975,0
-1.187,660311770,-3.005,0.116,0.062,0.0239,2.807,4.086,0
-1.186,660120268,-3.229,0.205,0.058,0.0198,2.293,4.4,1
-1.1840000000000002,670321836,-2.9810000000000003,0.217,0.054000000000000006,0.0206,2.515,4.265,1
-1.183,656650720,-3.503,0.247,0.05,0.0212,2.254,4.4430000000000005,1
-1.182,688930126,-2.7510000000000003,0.266,0.047,0.0201,2.331,4.155,1
-1.18,695372237,-3.022,0.266,0.043,0.0206,2.466,4.197,1
-1.179,700924000,-3.924,0.3,0.04,0.0212,2.216,4.157,1
-1.177,696699428,-3.006,0.301,0.037000000000000005,0.0211,2.278,3.828,1
-1.176,692272158,-2.405,0.28800000000000003,0.034,0.0215,2.824,5.924,1
-1.175,683377334,-2.6210000000000004,0.219,0.032,0.0232,2.342,6.247000000000001,1
-1.173,683246261,-2.495,0.195,0.03,0.023,2.546,6.29,1
-1.172,684652230,-1.44,0.133,0.029,0.0237,2.805,6.42,0
-1.171,779844800,-2.762,0.065,0.029,0.0249,2.794,6.41,0
-1.169,788452859,-1.263,0.087,0.028,0.0281,3.264,5.022,0
-1.168,788660602,-1.911,0.121,0.027000000000000003,0.0261,3.302,5.457999999999998,0
-1.166,790087733,-1.609,0.142,0.026,0.0253,3.261,5.324,0
-1.165,786307552,-2.108,0.142,0.025,0.0232,2.818,4.723,0
-1.164,772883012,-1.806,0.131,0.024,0.0232,2.533,5.075,0
-1.162,781814856,-1.139,0.131,0.023,0.0228,3.133,4.739,1
-1.161,784428956,-2.525,0.133,0.021,0.0218,2.415,4.588,1
-1.159,782390830,-1.454,0.113,0.02,0.0227,2.954,4.381,1
-1.158,775783089,-1.102,0.098,0.018000000000000002,0.0237,2.5340000000000003,3.853,1
-1.156,775718262,-1.977,0.099,0.016,0.0225,2.92,3.56,1
-1.154,775856619,-1.396,0.08,0.015,0.0222,2.879,3.894,1
-1.153,748967735,-1.726,0.073,0.013,0.022,2.794,3.58,1
-1.151,756673529,-2.07,0.079,0.011,0.0226,2.59,3.342,1
-1.15,803899809,-1.804,0.085,0.009000000000000001,0.0225,2.556,3.394,1
-1.148,797283029,-1.4580000000000002,0.07200000000000001,0.006999999999999999,0.0221,2.818,3.325,1
-1.147,797359411,-3.075,0.069,0.006,0.0218,2.3080000000000003,3.256,1
-1.145,795086465,-3.036,0.05,0.004,0.0221,2.638,3.383,1
-1.143,795491228,-3.016,0.07200000000000001,0.002,0.0219,2.105,2.779,1
-1.142,816720819,-1.754,0.07400000000000001,0.001,0.0232,2.888,3.422,1
-1.14,824034604,-2.182,0.062,-0.001,0.0246,2.863,2.526,0
-1.138,976287883,-2.018,0.059,-0.002,0.025,2.844,2.695,0
-1.137,980791049,-2.282,0.053,-0.004,0.0235,2.674,2.7430000000000003,1
-1.135,986712323,-2.05,0.052000000000000005,-0.005,0.0239,2.603,2.649,0
-1.133,985650498,-1.702,0.052000000000000005,-0.006,0.024,2.8960000000000004,2.657,0
-1.131,982670241,-1.654,0.048,-0.006999999999999999,0.0238,2.625,2.744,0
-1.13,960008002,-1.995,0.047,-0.006999999999999999,0.0243,2.651,2.557,0
-1.128,975248457,-1.587,0.048,-0.008,0.0244,2.764,2.489,0
-1.126,976657272,-1.978,0.048,-0.009000000000000001,0.0241,2.795,2.468,0
-1.124,973092688,-1.927,0.049,-0.01,0.0236,2.467,2.479,1
-1.122,962245640,-2.215,0.043,-0.011,0.0238,2.48,2.056,1
-1.12,958378260,-2.022,0.043,-0.011,0.0237,2.787,2.199,1
-1.118,954955353,-2.039,0.022,-0.012,0.0236,2.494,0.705,1
-1.116,935166934,-2.337,0.019,-0.013,0.025,2.672,0.608,0
-1.114,937918904,-2.126,0.017,-0.013,0.0253,2.654,0.546,0
-1.112,947691362,-1.519,0.015,-0.014,0.0251,2.596,-0.361,0
-1.11,964490768,-2.041,0.03,-0.014,0.0262,3.129,-0.469,0
-1.108,968105290,-1.554,0.033,-0.014,0.0275,2.946,-0.8290000000000001,0
-1.106,963330391,-2.211,0.031,-0.015,0.0279,2.7260000000000004,-0.369,0
-1.103,963020373,-1.926,0.036000000000000004,-0.015,0.027000000000000003,2.989,-2.5860000000000003,0
-1.101,945755315,-1.285,0.04,-0.015,0.0273,2.986,-3.782,0
-1.099,936969884,-1.635,0.042,-0.015,0.0273,2.92,-4.506,0
-1.096,947129080,-2.275,0.047,-0.016,0.0275,3.052,-7.08,0
-1.094,946094914,-1.507,0.041,-0.017,0.0282,2.915,-7.226,0
-1.091,944575983,-0.583,0.05,-0.02,0.0294,3.355,-7.261,0
-1.088,938612988,-1.877,0.05,-0.022,0.0294,2.9360000000000004,-6.8870000000000005,0
-1.086,926346221,-1.214,0.038,-0.026,0.0294,2.948,-7.237,0
-1.083,898688214,-1.212,0.04,-0.029,0.0291,3.252,-6.966,0
-1.08,885988380,-1.606,0.035,-0.033,0.0283,2.8280000000000003,-6.9670000000000005,0
-1.077,887176863,-1.108,0.025,-0.037000000000000005,0.0284,3.11,-6.937,0
-1.074,891641089,-1.44,0.024,-0.04,0.0291,3.035,-6.886,0
-1.071,893041386,-0.98,0.025,-0.044,0.0289,2.886,-6.8660000000000005,0
-1.068,893153649,-0.6940000000000001,0.02,-0.048,0.0274,3.164,-6.803,0
-1.065,888733653,-1.781,0.034,-0.052000000000000005,0.0257,2.569,-6.518,0
-1.062,885092917,-1.165,0.039,-0.055,0.0261,2.738,-6.38,0
-1.058,885295127,-1.013,0.039,-0.058,0.0259,2.935,-6.488,0
-1.055,888536149,-2.147,0.039,-0.062,0.0262,2.9210000000000003,-4.04,0
-1.052,890519715,-1.152,0.041,-0.064,0.0267,2.7880000000000003,-3.606,0
-1.048,878204152,-1.325,0.029,-0.067,0.0256,2.898,-5.5,0
-1.045,840608189,-1.335,0.037000000000000005,-0.07,0.0245,2.571,-5.41,1
-1.042,817489450,-1.671,0.043,-0.07200000000000001,0.0249,2.607,-5.394,0
-1.038,812312314,-1.119,0.033,-0.073,0.0247,2.742,-5.341,0
-1.035,801651403,-1.715,0.038,-0.075,0.0251,2.568,-5.405,0
-1.031,799099279,-1.214,0.032,-0.076,0.0245,2.689,-4.788,1
-1.028,789878376,-1.37,0.029,-0.077,0.0245,2.635,-5.354,1
-1.024,755722001,-1.046,0.029,-0.078,0.0245,2.658,-5.242000000000001,1
-1.021,645497729,-1.5730000000000002,0.019,-0.079,0.0243,2.477,-5.528,1
-1.017,634736337,-0.937,0.024,-0.079,0.0248,3.0010000000000003,-5.447,1
-1.014,635323303,-1.149,0.026,-0.08,0.0254,2.546,-5.15,1
-1.01,635718892,-0.833,0.022,-0.08,0.0253,2.753,-5.305,1
-1.006,643920294,-0.5660000000000001,0.019,-0.08,0.0255,2.614,-5.289,1
-1.003,629811499,-1.091,0.025,-0.08,0.0258,2.362,-5.282,1
-0.999,612414614,-0.496,0.021,-0.08,0.0253,2.753,-4.694,1
-0.995,608885640,-1.388,0.024,-0.079,0.0248,2.422,-3.923,1
-0.991,608235094,-0.8740000000000001,0.028,-0.079,0.0244,2.387,-4.011,1
-0.988,601554045,-0.861,0.027000000000000003,-0.078,0.0238,2.7060000000000004,-3.742,1
-0.984,607873363,-1.271,0.034,-0.077,0.0236,2.293,-3.903,1
-0.98,596055574,-0.8029999999999999,0.043,-0.076,0.0236,2.208,-3.843,1
-0.976,598149481,-0.038,0.045,-0.075,0.0232,2.769,-4.089,1
-0.973,597807824,-0.18,0.058,-0.07400000000000001,0.022,2.113,-3.916,1
-0.969,600545881,-0.408,0.07,-0.07200000000000001,0.0221,2.107,-3.369,1
-0.965,604791679,0.084,0.052000000000000005,-0.07,0.0227,2.338,-3.399,1
-0.962,595029567,-0.109,0.055,-0.068,0.0224,2.222,-3.326,1
-0.958,595669645,-0.025,0.047,-0.066,0.0222,2.441,-3.32,1
-0.954,605106199,0.093,0.044,-0.064,0.0224,2.309,-3.363,1
-0.951,600814777,0.194,0.044,-0.062,0.0224,2.472,-3.292,1
-0.947,598460684,-0.5760000000000001,0.036000000000000004,-0.059,0.0226,2.247,-5.1560000000000015,1
-0.943,597210466,0.236,0.039,-0.057,0.0235,2.5780000000000003,-5.158,1
-0.939,586667820,-0.278,0.039,-0.054000000000000006,0.0234,2.268,-5.037,1
-0.936,573042243,-0.379,0.031,-0.052000000000000005,0.0232,2.426,-4.761,1
-0.932,525707253,-0.07400000000000001,0.04,-0.049,0.0228,2.72,-4.7780000000000005,1
-0.928,528305707,-1.081,0.04,-0.046,0.0219,2.184,-3.669,1
-0.924,528762000,-0.978,0.028,-0.044,0.0221,2.325,-3.687,1
-0.92,508436461,-0.8109999999999999,0.025,-0.041,0.0226,2.45,-3.245,1
-0.916,496517942,-0.601,0.022,-0.038,0.0225,2.217,-3.1010000000000004,1
-0.913,465777898,-0.03,0.023,-0.035,0.0232,2.502,-3.151,1
-0.909,463692443,-0.5589999999999999,0.023,-0.033,0.0235,2.574,-2.8280000000000003,1
-0.905,470888456,0.058,0.023,-0.03,0.0234,2.4730000000000003,-2.59,1
-0.901,460645990,-0.463,0.023,-0.027000000000000003,0.024,2.491,-2.376,1
-0.897,458928735,-0.161,0.023,-0.024,0.024,2.374,-2.303,1
-0.893,455189692,-0.228,0.025,-0.022,0.0236,2.6910000000000003,-2.362,1
-0.889,445594506,-0.234,0.026,-0.019,0.0235,2.645,-2.46,1
-0.885,432857518,-0.564,0.028,-0.017,0.0232,2.23,-2.488,1
-0.88,415899328,0.005,0.029,-0.015,0.024,2.595,-2.199,1
-0.8759999999999999,398122495,-0.085,0.024,-0.012,0.0243,2.471,-2.077,1
-0.872,397550645,-0.287,0.019,-0.01,0.0241,2.532,-1.902,1
-0.868,393794672,0.482,0.024,-0.008,0.0241,2.7910000000000004,-1.704,1
-0.863,387900406,-0.247,0.024,-0.006,0.0241,2.391,-1.736,1
-0.8590000000000001,385165272,0.586,0.02,-0.003,0.0242,2.6910000000000003,-1.533,1
-0.855,370958091,-0.361,0.02,-0.001,0.0236,2.527,-1.311,1
-0.85,368950444,-0.501,0.022,0.001,0.0237,2.362,-1.439,1
-0.846,265893078,-0.457,0.023,0.003,0.0237,2.387,-1.671,1
-0.841,266474447,0.01,0.025,0.005,0.0237,2.6830000000000003,-1.6369999999999998,1
-0.8370000000000001,263415968,-0.171,0.024,0.008,0.0236,2.432,-1.517,1
-0.8320000000000001,263261325,-0.664,0.027000000000000003,0.01,0.0233,2.232,-1.629,1
-0.828,247748484,-0.067,0.026,0.012,0.0233,2.5580000000000003,-1.526,1
-0.823,248827950,-0.214,0.021,0.014,0.0235,2.438,-1.223,0
-0.8190000000000001,241619336,-0.388,0.021,0.015,0.0237,2.376,-0.875,0
-0.8140000000000001,246578654,-0.72,0.033,0.017,0.024,2.075,-1.107,0
-0.81,266361099,0.43,0.045,0.019,0.024,2.897,-1.199,0
-0.805,262251512,-0.157,0.04,0.02,0.0239,2.323,-1.14,0
-0.8,256814902,-0.202,0.04,0.022,0.0237,2.585,-1.221,0
-0.7959999999999999,248239335,-0.094,0.037000000000000005,0.023,0.0237,2.4,-1.258,0
-0.7909999999999999,247002910,-0.276,0.036000000000000004,0.024,0.0237,2.397,-1.332,0
-0.7859999999999999,250769167,-0.162,0.036000000000000004,0.025,0.0237,2.492,-1.3030000000000002,0
-0.782,292252546,-0.07,0.036000000000000004,0.026,0.0234,2.526,-1.294,0
-0.777,305876728,-0.652,0.032,0.026,0.0232,2.477,-1.466,0
-0.772,329746023,-0.753,0.037000000000000005,0.027000000000000003,0.0227,2.193,-1.141,1
-0.768,351606321,-0.159,0.035,0.027000000000000003,0.0224,2.567,-1.824,1
-0.763,358765721,-0.7140000000000001,0.036000000000000004,0.028,0.0226,2.275,-1.55,1
-0.758,352397489,-0.5770000000000001,0.036000000000000004,0.028,0.0225,2.4090000000000003,-1.903,1
-0.753,353461799,-0.653,0.037000000000000005,0.028,0.0225,2.267,-1.2919999999999998,1
-0.7490000000000001,352768882,-0.319,0.034,0.028,0.0225,2.733,1.67,1
-0.7440000000000001,353509715,-0.7759999999999999,0.025,0.028,0.0225,2.139,2.031,1
-0.7390000000000001,351825725,-0.795,0.026,0.027000000000000003,0.0226,2.5610000000000004,2.385,1
-0.7340000000000001,350755499,-0.5920000000000001,0.024,0.027000000000000003,0.0229,2.344,2.261,1
-0.7290000000000001,420193559,-0.349,0.027000000000000003,0.027000000000000003,0.0229,2.599,2.738,1
-0.725,420424112,-1.226,0.037000000000000005,0.026,0.023,2.026,2.782,1
-0.72,432515868,-0.269,0.038,0.026,0.0231,2.559,2.812,1
-0.715,436354985,-0.519,0.04,0.026,0.0231,2.592,2.873,1
-0.71,450755907,-0.782,0.041,0.026,0.0234,2.253,2.818,1
-0.705,475630739,-0.5429999999999999,0.038,0.025,0.0236,2.343,2.755,0
-0.701,474609993,-0.942,0.038,0.025,0.0242,2.222,3.006,0
-0.696,513190938,0.466,0.065,0.025,0.0251,3.035,3.045,0
-0.691,508299261,-0.225,0.065,0.025,0.0248,2.513,2.839,0
-0.6859999999999999,508614452,-0.5720000000000001,0.064,0.024,0.0247,2.363,3.799,0
-0.6809999999999999,509473045,-0.5529999999999999,0.058,0.025,0.0243,2.3680000000000003,3.952,0
-0.6759999999999999,516153736,-0.404,0.052000000000000005,0.025,0.0243,2.385,3.619,0
-0.6709999999999999,499275910,-0.149,0.057,0.025,0.0246,2.749,3.831,0
-0.6659999999999999,490630068,-0.17,0.057,0.026,0.0245,2.401,3.72,0
-0.6609999999999999,473660126,-0.083,0.055,0.026,0.0243,2.523,3.694,0
-0.6559999999999999,475301302,-0.279,0.041,0.027000000000000003,0.0243,2.463,3.437,0
-0.6509999999999999,473243563,-0.116,0.041,0.028,0.0243,2.452,3.5010000000000003,0
-0.6459999999999999,485310303,-0.325,0.041,0.028,0.0246,2.364,3.343,0
-0.6409999999999999,485356912,-0.083,0.038,0.029,0.025,2.553,3.836,0
-0.635,485711995,-0.009000000000000001,0.038,0.029,0.0253,2.648,3.5660000000000003,0
-0.63,508479892,0.222,0.034,0.03,0.0263,2.699,3.649,0
-0.625,518392050,-0.5660000000000001,0.015,0.03,0.026,2.436,3.862,0
-0.62,528190379,0.392,0.028,0.03,0.0258,2.938,3.98,0
-0.614,537279178,-0.136,0.027000000000000003,0.03,0.0256,2.617,3.721,0
-0.609,538852947,0.036000000000000004,0.025,0.031,0.0258,2.65,3.751,0
-0.604,544849298,0.14400000000000002,0.023,0.031,0.0265,2.506,3.7,0
-0.598,569905815,0.35200000000000004,0.04,0.031,0.0541,3.105,3.789,0
-0.593,590410765,0.066,0.038,0.031,0.0535,2.488,3.495,0
-0.5870000000000001,606803699,0.573,0.046,0.031,0.0537,2.959,3.788,0
-0.581,626183342,-0.202,0.045,0.03,0.027000000000000003,2.504,3.543,0
-0.5760000000000001,652598872,0.826,0.057,0.03,0.0281,3.119,3.762,0
-0.57,672684582,0.628,0.05,0.03,0.0291,2.837,3.597,0
-0.564,691711601,0.135,0.05,0.03,0.0304,2.904,3.218,0
-0.5579999999999999,688436165,1.017,0.059,0.03,0.0294,3.13,3.242,0
-0.552,666248683,0.6890000000000001,0.058,0.029,0.0337,2.795,2.735,0
-0.545,644765743,0.664,0.051,0.029,0.029,3.002,2.753,0
-0.539,626467210,0.377,0.054000000000000006,0.029,0.0282,2.599,3.114,0
-0.5329999999999999,628707031,0.414,0.051,0.029,0.0277,2.8560000000000003,3.309,0
-0.527,630791197,0.34600000000000003,0.051,0.028,0.0277,2.656,3.272,0
-0.521,625716739,0.287,0.044,0.028,0.0275,2.758,3.157,0
-0.515,618712477,0.613,0.038,0.028,0.0276,2.861,3.155,0
-0.509,618170314,-0.097,0.039,0.028,0.0279,2.481,2.987,0
-0.502,1274030837,0.7120000000000001,0.039,0.001,0.0277,2.98,-100.0,0
-0.496,1918417064,0.126,0.037000000000000005,-0.048,0.0277,2.552,-100.0,0
-0.49,2550432432,0.335,0.035,-0.115,0.0283,3.055,-100.0,0
-0.484,3168240981,0.518,0.036000000000000004,-0.168,0.0289,2.702,2.802,0
-0.478,3768497373,0.464,0.035,-0.209,0.0291,2.7880000000000003,2.61,0
-0.471,4360652087,0.34600000000000003,0.027000000000000003,-0.24,0.0291,2.7960000000000003,2.576,0
-0.465,4369484025,0.403,0.028,-0.262,0.0294,2.62,2.804,0
-0.459,4384078581,0.5539999999999999,0.03,-0.277,0.0414,3.057,2.755,1
-0.453,4369936829,0.044,0.03,-0.285,0.032,2.6180000000000003,2.5380000000000003,1
-0.447,4385027413,0.507,0.032,-0.28800000000000003,0.0302,2.98,2.592,1
-0.441,4398136097,0.134,0.033,-0.28600000000000003,0.0281,2.625,2.42,1
-0.435,4405991862,0.238,0.035,-0.28,0.028,2.612,2.371,1
-0.428,4408451774,0.249,0.036000000000000004,-0.271,0.0283,2.94,2.525,1
-0.422,4416617344,-0.235,0.04,-0.259,0.0369,2.41,1.963,1
-0.416,4441143528,0.752,0.04,-0.246,0.0334,2.982,1.78,1
-0.411,4440261422,0.124,0.036000000000000004,-0.231,0.0522,2.719,1.121,1
-0.405,4435872054,0.046,0.034,-0.215,0.0278,2.517,0.944,1
-0.399,4437592519,0.327,0.035,-0.198,0.0273,2.859,0.371,1
-0.393,4437951535,-0.294,0.039,-0.181,0.0263,2.497,1.947,1
-0.387,4442219348,0.276,0.039,-0.163,0.0265,2.667,3.147,1
-0.382,4438608300,-0.304,0.046,-0.14400000000000002,0.0265,2.387,3.023,1
-0.377,4432322453,-0.172,0.044,-0.125,0.0268,2.355,2.659,1
-0.371,4428498863,0.284,0.043,-0.106,0.0264,2.6460000000000004,2.533,1
-0.366,4428136345,0.108,0.037000000000000005,-0.08800000000000001,0.0265,2.495,2.405,1
-0.361,4428162055,-0.139,0.037000000000000005,-0.069,0.0265,2.545,2.263,1
-0.35600000000000004,4426111071,-0.003,0.039,-0.052000000000000005,0.0259,2.4290000000000003,1.983,1
-0.35100000000000003,4426130559,0.425,0.031,-0.035,0.0258,2.657,1.975,1
-0.34600000000000003,4436359544,-0.2,0.033,-0.019,0.0254,2.358,1.5319999999999998,1
-0.341,4434747014,-0.162,0.025,-0.004,0.0232,2.276,1.481,1
-0.337,4432051432,-0.248,0.032,0.01,0.0233,2.129,1.083,1
-0.333,4415269894,0.392,0.032,0.023,0.0233,2.467,1.026,1
-0.328,4417622253,-0.7929999999999999,0.029,0.035,0.023,2.105,0.852,1
-0.324,4418685195,-0.341,0.042,0.046,0.0229,1.982,0.7829999999999999,1
-0.321,4433060471,-0.457,0.04,0.055,0.022,2.128,0.6890000000000001,1
-0.317,4434115908,-0.596,0.06,0.064,0.0214,1.804,0.951,1
-0.314,4434951841,-0.073,0.06,0.07200000000000001,0.0225,2.324,0.856,1
-0.311,4429365313,-0.58,0.06,0.079,0.0226,1.913,0.994,1
-0.308,4411595843,-0.257,0.056,0.085,0.0228,2.269,0.6759999999999999,1
-0.305,4420262327,-0.384,0.05,0.09,0.023,2.093,0.488,1
-0.302,4412044170,-0.104,0.047,0.095,0.023,2.089,0.312,1
-0.299,4408468562,-0.466,0.03,0.099,0.0229,2.102,0.75,1
-0.297,4422755982,-0.044,0.027000000000000003,0.102,0.0228,2.232,0.915,1
-0.294,4427430904,-0.246,0.026,0.104,0.0456,2.164,0.992,1
-0.292,4436790109,-0.219,0.026,0.107,0.0228,2.048,1.093,1
-0.29,4439464248,-0.643,0.017,0.108,0.0229,2.09,1.043,1
-0.287,4467170215,-0.162,0.018000000000000002,0.109,0.0232,1.978,1.003,1
-0.285,4471369725,-0.534,0.018000000000000002,0.11,0.024,2.027,0.6779999999999999,1
-0.284,4577682923,-0.028,0.021,0.11,0.0241,2.316,0.409,1
-0.282,4559529115,-0.562,0.015,0.11,0.0243,2.037,0.34,1
-0.28,5181936059,0.245,0.013,0.109,0.024,2.271,0.205,1
-0.278,5178089557,-0.368,0.01,0.108,0.0239,2.19,-0.053,1
-0.276,5187445761,-0.591,0.01,0.107,0.024,2.0,-0.094,1
-0.275,5180972227,-0.293,0.012,0.105,0.0238,1.96,-0.105,1
-0.273,5184036677,-0.092,0.013,0.103,0.0233,2.251,-0.053,1
-0.272,5193521895,-0.305,0.016,0.101,0.023,1.917,-0.284,1
-0.271,5183502073,-0.89,0.014,0.099,0.023,2.145,-0.617,1
-0.269,5186149679,-0.679,0.019,0.096,0.0229,1.833,-0.627,1
-0.268,5194748032,-0.228,0.019,0.093,0.00997,2.135,-1.4780000000000002,1
-0.267,5224623287,-0.368,0.019,0.09,0.0233,2.0,-1.654,1
-0.266,5220198379,-0.5760000000000001,0.024,0.087,0.0232,1.809,-1.816,1
-0.265,5246397437,-0.7040000000000001,0.023,0.083,0.0231,2.045,-1.62,1
-0.264,5262022274,-0.471,0.02,0.08,0.0228,1.93,-1.543,1
-0.264,5337591571,-0.467,0.02,0.077,0.0229,2.056,-1.581,1
-0.263,5326860072,-0.443,0.015,0.073,0.023,2.02,-1.876,1
-0.262,5325443835,-0.568,0.014,0.07,0.0232,1.884,-2.131,1
-0.262,5317506743,-0.249,0.015,0.066,0.0235,2.115,-2.262,1
-0.261,5336223772,-0.718,0.017,0.062,0.0234,1.835,-2.374,1
-0.261,5351885907,-0.611,0.012,0.058,0.0233,2.0380000000000003,-2.151,1
-0.26,5339975614,-0.606,0.013,0.055,0.0237,2.093,-2.134,1
-0.259,5381147425,-0.303,0.012,0.051,0.0238,2.133,-2.037,1
-0.259,5396310389,-1.091,0.012,0.048,0.0237,1.847,-1.869,1
-0.259,5390498747,-0.644,0.011,0.044,0.0237,1.973,-1.649,1
-0.258,5399476654,-0.5660000000000001,0.011,0.041,0.0238,2.084,-2.019,1
-0.258,5388457323,-0.5329999999999999,0.009000000000000001,0.038,0.0238,1.973,-2.653,1
-0.257,5380557104,-1.137,0.009000000000000001,0.034,0.0239,1.968,-2.9360000000000004,1
-0.257,5363813408,-0.491,0.008,0.031,0.0239,1.997,-3.02,1
-0.257,5359185126,-1.007,0.008,0.027000000000000003,0.0243,1.953,-2.988,1
-0.256,5349882375,-0.527,0.008,0.024,0.0245,1.977,-2.934,1
-0.256,5339837340,-1.055,0.008,0.021,0.0244,2.064,-2.81,1
-0.256,5314324240,-1.003,0.008,0.017,0.0244,1.834,-2.779,1
-0.255,5331130460,-0.511,0.017,0.014,0.0245,2.392,-2.592,1
-0.255,5338271839,-1.259,0.019,0.012,0.0246,1.871,-2.817,1
-0.254,5356152027,-0.759,0.018000000000000002,0.009000000000000001,0.0247,2.036,-2.982,1
-0.254,5365863757,-0.954,0.017,0.006,0.0247,2.048,-3.029,1
-0.254,5379097095,-0.462,0.016,0.003,0.0251,2.137,-3.42,1
-0.253,5466179670,-0.628,0.019,0.001,0.0254,2.227,-3.471,1
-0.252,5496298082,-0.675,0.019,-0.001,0.026,1.981,-3.29,1
-0.252,5589156074,-0.544,0.021,-0.004,0.0269,2.215,-3.143,1
-0.251,5623876471,-0.57,0.024,-0.006,0.0267,2.291,-3.284,1
-0.25,5677500251,-0.222,0.026,-0.008,0.0264,2.259,-3.524,1
-0.249,5138284681,-0.961,0.025,-0.009000000000000001,0.0267,2.019,0.0,1
-0.249,4502148951,-0.193,0.028,-0.011,0.0268,2.359,0.0,1
-0.248,3834076339,-0.93,0.028,-0.013,0.0272,2.125,0.0,1
-0.247,3145283513,-0.355,0.023,-0.014,0.0277,2.347,-3.974,1
-0.245,2472876354,-0.479,0.021,-0.016,0.028,2.31,-4.194,1
-0.244,1759170642,-0.377,0.019,-0.018000000000000002,0.029,2.419,-4.416,1
-0.243,1829582175,-0.085,0.024,-0.019,0.0284,2.5340000000000003,-4.293,1
-0.241,1857669840,-0.7979999999999999,0.021,-0.021,0.0292,2.259,-4.2860000000000005,1
-0.24,1869166020,-0.18600000000000005,0.022,-0.023,0.0301,2.432,-4.689,1
-0.238,1934354822,-0.256,0.035,-0.024,0.031,2.724,-4.738,1
-0.236,1994355325,0.17800000000000002,0.042,-0.026,0.0325,2.803,-5.185,1
-0.233,2030428846,-0.268,0.04,-0.028,0.0322,2.343,-5.269,1
-0.231,2068800687,-0.338,0.043,-0.03,0.0316,2.602,-5.464,1
-0.229,2122684751,0.326,0.049,-0.032,0.0336,2.736,-4.6080000000000005,1
-0.226,2275670865,0.07,0.059,-0.034,0.0384,3.052,-3.94,0
-0.222,2549759011,1.02,0.157,-0.035,0.0449,3.739,-3.18,0
-0.219,2666982429,0.69,0.161,-0.036000000000000004,0.0402,3.207,-2.983,0
-0.215,2771336422,0.161,0.159,-0.037000000000000005,0.0372,3.02,-2.232,1
-0.211,2770047276,0.5920000000000001,0.153,-0.038,0.0384,3.089,-4.15,1
-0.206,2814511413,0.285,0.14400000000000002,-0.039,0.0382,2.952,-5.524,0
-0.202,2874748036,0.901,0.151,-0.039,0.0375,3.287,-5.997999999999998,1
-0.197,2893933696,0.487,0.122,-0.04,0.0366,2.843,-6.437,1
-0.192,2911467157,-0.061,0.113,-0.04,0.0316,2.585,-6.392,1
-0.188,2911955556,0.078,0.119,-0.041,0.0328,2.573,-6.683,1
-0.183,2895751375,0.006999999999999999,0.127,-0.042,0.0334,2.552,-6.4929999999999986,1
-0.179,2932576158,-0.049,0.124,-0.044,0.0333,2.38,-6.447,1
-0.174,3004113165,0.065,0.12,-0.045,0.0328,2.721,-6.435,1
-0.17,3020885467,0.12,0.131,-0.046,0.0322,2.478,-4.841,1
-0.166,3022199716,-0.027000000000000003,0.155,-0.046,0.0335,2.249,-5.314,1
-0.161,3054597075,0.759,0.093,-0.047,0.0334,2.888,-4.869,1
-0.157,3036308156,-0.16899999999999998,0.092,-0.047,0.0331,2.298,-4.5539999999999985,1
-0.153,3040872903,0.5770000000000001,0.084,-0.047,0.032,2.682,-4.282,1
-0.149,3055901683,0.579,0.07200000000000001,-0.047,0.0325,2.5610000000000004,-4.287,1
-0.145,3079568771,0.263,0.069,-0.047,0.0324,2.391,-4.322,1
-0.141,3063387184,0.627,0.034,-0.047,0.0323,2.43,-4.515,1
-0.13699999999999998,3074728335,-0.051,0.031,-0.047,0.0321,2.272,-4.413,1
-0.134,3057470821,0.21,0.04,-0.046,0.0322,2.123,-4.49,1
-0.13,3079975392,0.39,0.042,-0.046,0.0342,2.659,-3.537,1
-0.127,2971566476,0.011,0.05,-0.045,0.0356,2.104,-5.254,1
-0.124,2993918304,0.546,0.052000000000000005,-0.045,0.0355,2.635,-6.212999999999999,1
-0.121,2985291981,0.295,0.047,-0.046,0.036000000000000004,2.397,-6.648,1
-0.117,3189844350,0.653,0.061,-0.047,0.0376,2.884,-6.46,1
-0.114,3219634945,0.175,0.058,-0.047,0.0367,2.339,-3.53,1
-0.111,3273572250,0.522,0.046,-0.047,0.0356,2.57,-3.312,1
-0.108,3203781326,0.266,0.045,-0.046,0.0362,2.355,-3.54,1
-0.105,3206632621,0.617,0.043,-0.045,0.036000000000000004,2.594,-3.532,1
-0.102,3308538139,0.831,0.053,-0.044,0.0375,2.858,-3.756,1
-0.098,3054014320,0.24,0.053,-0.042,0.0394,2.557,-3.661,1
-0.095,3111278619,0.334,0.054000000000000006,-0.041,0.0394,2.371,-3.5610000000000004,1
-0.092,2101042972,0.563,0.058,-0.04,0.0395,2.834,-3.665,1
-0.08900000000000001,2123217772,0.35200000000000004,0.046,-0.038,0.0418,2.542,-2.837,0
-0.086,2214632579,1.091,0.065,-0.036000000000000004,0.0416,3.091,-2.809,0
-0.083,2205701412,0.366,0.053,-0.034,0.0432,2.326,-2.7110000000000003,0
-0.08,2453339739,0.524,0.055,-0.032,0.0432,2.775,-2.821,0
-0.077,2515477569,0.62,0.053,-0.03,0.0436,2.537,-2.927,0
-0.07400000000000001,2751338215,1.092,0.07400000000000001,-0.029,0.0441,3.236,-3.0980000000000003,0
-0.071,2792258858,0.979,0.069,-0.027000000000000003,0.0457,2.812,-2.717,0
-0.067,2827140315,0.5670000000000001,0.068,-0.025,0.0457,2.702,-2.805,0
-0.064,2891102076,0.888,0.061,-0.024,0.0455,2.887,-3.414,0
-0.061,2870588374,1.167,0.064,-0.023,0.0459,2.9760000000000004,-3.216,0
-0.057,3000754297,0.448,0.067,-0.022,0.0463,2.4930000000000003,-3.819,0
-0.054000000000000006,2984850541,0.5379999999999999,0.07,-0.021,0.0454,2.468,-3.989,0
-0.051,3116687137,0.149,0.08,-0.021,0.0437,2.205,-4.626,0
-0.048,3110894723,0.487,0.081,-0.021,0.0439,2.508,-4.455,0
-0.046,3088253678,0.449,0.08800000000000001,-0.022,0.0441,2.333,-4.285,0
-0.043,3067236940,0.129,0.085,-0.023,0.0454,2.2430000000000003,-4.24,0
-0.041,3022891073,1.04,0.083,-0.024,0.0455,2.875,-4.438,0
-0.039,2981377709,0.242,0.09,-0.025,0.0428,2.28,-4.1960000000000015,0
-0.036000000000000004,2914315896,0.318,0.092,-0.027000000000000003,0.0417,2.412,-4.364,0
-0.035,2902062136,-0.17,0.084,-0.028,0.0424,1.964,-4.412,0
-0.033,2874947076,0.518,0.078,-0.029,0.0425,2.365,-4.713,0
-0.031,2788784717,0.35200000000000004,0.076,-0.031,0.0429,2.325,-4.748,0
-0.03,2724823722,-0.037000000000000005,0.07,-0.032,0.0425,2.047,-4.24,0
-0.029,2648563165,0.081,0.05,-0.034,0.0432,2.0540000000000003,-3.445,0
-0.028,2603566838,0.281,0.048,-0.035,0.0433,2.248,-3.432,0
-0.027000000000000003,2523524548,0.019,0.051,-0.036000000000000004,0.0429,2.016,-3.4730000000000003,0
-0.026,2470569582,0.361,0.051,-0.037000000000000005,0.0432,2.314,-3.293,0
-0.026,2403991605,0.047,0.051,-0.038,0.0432,2.025,-3.1830000000000003,0
-0.025,2345661188,-0.019,0.053,-0.039,0.043,2.045,-3.98,0
-0.025,2167208766,0.353,0.053,-0.039,0.0448,2.187,-3.956,0
-0.025,2131335066,-0.062,0.022,-0.04,0.0455,2.33,-4.276,0
-0.025,2065615376,0.195,0.023,-0.041,0.045,2.066,-4.273,0
-0.025,2004330872,0.265,0.02,-0.042,0.0444,2.301,-3.864,0
-0.025,1926179491,0.077,0.017,-0.043,0.0447,2.125,-4.331,0
-0.025,1851910432,0.015,0.014,-0.044,0.0446,2.152,-3.767,0
-0.026,1843475080,-0.436,0.02,-0.045,0.0429,1.791,-3.886,0
-0.026,1792693006,-0.071,0.023,-0.045,0.043,1.91,-3.996,0
-0.027000000000000003,1784819133,-0.474,0.032,-0.046,0.0404,1.74,-3.884,1
-0.028,1794685626,-0.5529999999999999,0.038,-0.046,0.0371,1.737,-3.613,1
-0.03,1858529524,-0.382,0.04,-0.046,0.0384,1.877,-3.517,1
-0.031,1883717227,-0.328,0.041,-0.046,0.0383,1.69,-3.663,1
-0.033,1857664525,-0.8270000000000001,0.056,-0.046,0.0383,1.5319999999999998,-3.672,1
-0.035,2280355005,-0.312,0.056,-0.046,0.0393,1.813,-3.092,1
-0.037000000000000005,2295257802,-0.461,0.052000000000000005,-0.046,0.0414,1.886,-2.887,1
-0.039,2319725773,-0.354,0.04,-0.045,0.0394,1.956,-2.817,1
-0.041,2343558854,-0.628,0.038,-0.045,0.0389,1.791,-3.4,1
-0.043,2345761351,-0.742,0.025,-0.044,0.0396,1.793,-3.4730000000000003,1
-0.045,2362298236,-0.649,0.021,-0.044,0.0396,1.61,-3.799,1
-0.048,2399014163,-0.743,0.013,-0.044,0.0393,1.689,-3.1910000000000003,1
-0.05,2421523538,-1.058,0.014,-0.044,0.0394,1.666,-2.967,1
-0.053,2490075678,-1.231,0.014,-0.044,0.0384,1.5719999999999998,-2.58,1
-0.056,2519707830,-0.703,0.015,-0.044,0.0376,1.64,-2.441,1
-0.059,2527779442,-0.895,0.015,-0.044,0.0378,1.7080000000000002,-2.07,1
-0.062,2511834674,-1.119,0.014,-0.043,0.0378,1.617,-2.37,1
-0.065,2787042654,-1.616,0.019,-0.043,0.0373,1.436,-2.877,1
-0.068,3278924422,-2.009,0.017,-0.042,0.0374,1.729,-3.196,1
-0.071,3335573260,-1.605,0.017,-0.042,0.0372,1.601,-3.619,1
-0.075,3339023827,-1.586,0.018000000000000002,-0.041,0.0378,1.4340000000000002,-3.388,1
-0.078,3298668331,-1.332,0.012,-0.041,0.0388,1.757,-2.6010000000000004,1
-0.08199999999999999,3298405056,-1.244,0.011,-0.04,0.0377,1.707,-2.488,1
-0.085,3348308193,-2.015,0.017,-0.038,0.0378,1.272,-1.957,1
-0.08900000000000001,3319757304,-1.6769999999999998,0.03,-0.037000000000000005,0.0377,1.166,-1.515,1
-0.093,3355774600,-1.15,0.03,-0.036000000000000004,0.0375,1.435,-1.115,1
-0.097,3323479177,-1.327,0.035,-0.034,0.038,1.246,-1.022,1
-0.101,3259467869,-1.09,0.035,-0.033,0.0381,1.462,-0.867,1
-0.105,3243597278,-1.096,0.037000000000000005,-0.031,0.0383,1.283,-0.588,1
-0.109,3240438497,-1.364,0.034,-0.03,0.039,1.357,-0.638,1
-0.114,3205250774,-1.062,0.032,-0.028,0.04,1.416,-1.937,1
-0.118,3163086346,-0.8759999999999999,0.033,-0.026,0.0405,1.3730000000000002,-1.362,1
-0.122,3150562840,-1.584,0.028,-0.025,0.0405,1.3030000000000002,-1.815,1
-0.127,3144897574,-0.693,0.028,-0.023,0.0415,1.606,-2.053,1
-0.131,3080915347,-1.183,0.028,-0.022,0.0421,1.499,-1.932,1
-0.135,3055292538,-1.265,0.02,-0.02,0.0421,1.296,-1.952,1
-0.14,3035786826,-1.026,0.012,-0.019,0.043,1.365,-1.709,1
-0.14400000000000002,2955603858,-1.143,0.012,-0.017,0.0439,1.287,-1.72,1
-0.14800000000000002,2927589222,-0.918,0.009000000000000001,-0.016,0.0437,1.354,-1.652,1
-0.153,2893489913,-0.7929999999999999,0.009000000000000001,-0.015,0.0428,1.33,-1.626,1
-0.157,2857082503,-1.444,0.009000000000000001,-0.013,0.0421,1.215,-2.426,1
-0.162,2787475230,-0.601,0.01,-0.012,0.0423,1.503,-0.499,1
-0.166,2761713549,-1.435,0.012,-0.011,0.0424,1.2,0.634,1
-0.17,2571617890,-0.93,0.012,-0.01,0.0432,1.467,0.8290000000000001,1
-0.175,2568249916,-1.673,0.014,-0.009000000000000001,0.0429,1.211,0.5820000000000001,1
-0.179,2615644814,-1.023,0.014,-0.008,0.0437,1.3159999999999998,-2.814,1
-0.183,2648593388,-1.115,0.014,-0.008,0.0435,1.455,-4.913,1
-0.188,2630715380,-0.934,0.01,-0.008,0.0432,1.421,-3.188,1
-0.192,2592031196,-1.329,0.009000000000000001,-0.008,0.0421,1.266,-2.911,1
-0.196,2617624125,-1.515,0.009000000000000001,-0.006999999999999999,0.0474,1.3430000000000002,-1.2919999999999998,1
-0.2,2627788434,-1.3219999999999998,0.01,-0.006,0.0537,1.234,-0.125,1
-0.204,2661635214,-1.05,0.009000000000000001,-0.005,0.0457,1.321,0.042,1
-0.208,2684982331,-1.6740000000000002,0.011,-0.003,0.0454,1.16,-1.278,1
-0.212,2684692554,-1.006,0.014,-0.002,0.0413,1.536,-2.067,1
-0.21600000000000005,2700862612,-1.749,0.013,0.0,0.0413,1.342,-2.021,1
-0.22,2696393887,-1.032,0.011,0.001,0.0415,1.294,-2.66,1
-0.224,2674211905,-1.454,0.01,0.002,0.042,1.321,-2.556,1
-0.228,2738925643,-1.256,0.009000000000000001,0.002,0.0413,1.281,-2.291,1
-0.232,2725869461,-1.941,0.008,0.003,0.0413,1.296,-1.466,1
-0.235,2727420528,-1.39,0.009000000000000001,0.004,0.0414,1.422,-1.6769999999999998,1
-0.239,2730266408,-1.335,0.008,0.005,0.0416,1.367,-1.6,1
-0.242,2738716508,-1.636,0.006999999999999999,0.005,0.0422,1.252,-0.998,1
-0.246,2740588666,-1.6669999999999998,0.006999999999999999,0.006,0.0418,1.3090000000000002,-1.359,1
-0.249,2734542571,-1.258,0.008,0.006,0.0413,1.235,-1.376,1
-0.253,2742258177,-1.217,0.006999999999999999,0.006,0.0408,1.252,-1.345,1
-0.256,2766611460,-0.918,0.006999999999999999,0.006,0.041,1.287,-0.664,1
-0.259,2776457247,-1.233,0.006,0.005,0.041,1.275,-0.944,1
-0.263,2776451140,-1.035,0.002,0.004,0.0415,1.2990000000000002,-1.097,1
-0.266,2835526171,-0.946,0.002,0.004,0.0417,1.297,-0.468,1
-0.269,2787285550,-1.632,0.002,0.003,0.0416,1.243,1.628,1
-0.272,2799008392,-1.014,0.002,0.003,0.0415,1.266,1.3159999999999998,1
-0.275,2770733673,-1.113,0.002,0.004,0.0416,1.2990000000000002,2.678,1
-0.278,2794204233,-0.7609999999999999,0.003,0.005,0.0419,1.202,1.972,1
-0.281,2793951115,-0.865,0.005,0.006,0.0423,1.5,2.463,1
-0.284,2914780728,-1.121,0.005,0.006999999999999999,0.0418,1.204,0.969,1
-0.28600000000000003,2834024877,-0.84,0.005,0.008,0.0413,1.207,0.812,1
-0.289,2591582466,-0.866,0.006,0.009000000000000001,0.0415,1.189,0.589,1
-0.292,2575810480,-0.833,0.006999999999999999,0.01,0.0415,1.415,0.269,1
-0.294,2470067670,-0.857,0.008,0.011,0.0418,1.159,0.35100000000000003,1
-0.297,2433438613,-1.002,0.008,0.011,0.0418,1.3119999999999998,-0.046,1
-0.299,2405717701,-0.716,0.008,0.011,0.0419,1.3090000000000002,-0.498,1
-0.301,2335889828,-0.784,0.008,0.011,0.0421,1.261,0.043,1
-0.304,2292586504,-0.8690000000000001,0.008,0.01,0.0421,1.319,0.006,1
-0.306,2263055013,-1.112,0.008,0.01,0.042,1.218,0.256,1
-0.308,2283683221,-0.7809999999999999,0.008,0.009000000000000001,0.042,1.285,0.11,1
-0.31,2277815449,-0.976,0.008,0.008,0.0417,1.325,-0.036000000000000004,1
-0.312,2327546742,-0.853,0.008,0.006999999999999999,0.0419,1.272,0.5379999999999999,1
-0.314,2314814551,-0.907,0.004,0.006,0.042,1.245,-0.136,1
-0.316,2271045479,-0.532,0.004,0.004,0.0424,1.26,-0.325,1
-0.317,2231411179,-0.584,0.004,0.003,0.0424,1.3259999999999998,-0.112,1
-0.319,2188304623,-0.467,0.003,0.001,0.0423,1.274,-0.723,1
-0.321,2210860774,-0.634,0.004,0.0,0.0426,1.103,-1.155,1
-0.32299999999999995,2223876553,-0.682,0.003,-0.002,0.043,1.195,-1.813,1
-0.324,2228076076,-0.416,0.003,-0.004,0.0428,1.275,-1.802,1
-0.326,2189036278,-0.391,0.004,-0.006999999999999999,0.0427,1.141,-1.93,1
-0.327,1949699392,-0.555,0.004,-0.009000000000000001,0.0429,1.258,-1.821,1
-0.329,1949098156,-0.519,0.005,-0.012,0.0437,1.367,-1.948,1
-0.33,1949505607,-0.7859999999999999,0.005,-0.014,0.0443,1.17,-2.037,1
-0.331,1959209669,-0.514,0.005,-0.017,0.0445,1.277,-1.656,1
-0.333,1961256128,-0.569,0.005,-0.019,0.0446,1.223,-1.779,1
-0.334,1960413338,-0.386,0.005,-0.022,0.0453,1.223,-1.599,1
-0.335,1943446743,-0.398,0.005,-0.025,0.0457,1.291,-2.298,1
-0.336,1949183475,-0.153,0.01,-0.028,0.0463,1.513,-2.458,1
-0.337,1928310207,-0.394,0.01,-0.031,0.0459,1.179,-2.512,1
-0.337,1916652568,-0.343,0.01,-0.034,0.0444,1.297,-2.888,1
-0.338,1935209794,-0.319,0.009000000000000001,-0.037000000000000005,0.0449,1.389,-3.198,1
-0.339,1943886785,-0.376,0.009000000000000001,-0.04,0.0452,1.241,-3.1830000000000003,1
-0.339,1804201423,-0.14400000000000002,0.009000000000000001,-0.044,0.045,1.291,-3.425,1
-0.34,1435358566,-0.429,0.006999999999999999,-0.047,0.0446,1.3,-3.677,1
-0.34,1417183763,-0.373,0.008,-0.05,0.0446,1.228,-3.516,1
-0.341,1416258895,-0.114,0.006999999999999999,-0.052000000000000005,0.0447,1.319,-1.15,1
-0.341,1418564906,-0.504,0.006,-0.054000000000000006,0.0447,1.252,-2.448,1
-0.341,1422930562,-0.406,0.006,-0.056,0.0451,1.3019999999999998,-3.187,1
-0.341,1421581684,0.013,0.006,-0.058,0.0458,1.285,-4.47,1
-0.341,1457432143,0.18,0.006,-0.06,0.0458,1.345,-4.419,1
-0.341,1426394492,-0.166,0.006,-0.061,0.0458,1.268,-4.462,1
-0.341,1427234304,0.019,0.002,-0.063,0.0455,1.266,-4.294,1
-0.341,1426833133,-0.368,0.004,-0.065,0.0453,1.094,-4.961,1
-0.341,1426250945,-0.071,0.004,-0.067,0.0451,1.213,-5.102,1
-0.341,1429151655,-0.138,0.003,-0.069,0.0454,1.218,-5.092,1
-0.341,1428976946,-0.219,0.004,-0.071,0.0455,1.197,-5.34,1
-0.341,1431154247,-0.239,0.005,-0.073,0.0456,1.134,-5.308,1
-0.341,1443687052,-0.067,0.004,-0.07400000000000001,0.0456,1.236,-5.185,1
-0.341,1399467921,-0.472,0.005,-0.076,0.0493,1.133,-5.336,1
-0.341,1423412257,-0.209,0.005,-0.078,0.0493,1.29,-5.484,1
-0.341,1418807655,-0.21600000000000005,0.006,-0.079,0.0519,1.079,-5.692,1
-0.341,1409379599,-0.175,0.006,-0.081,0.0511,1.19,-5.68,1
-0.34,1388606535,-0.091,0.005,-0.083,0.0477,1.197,-5.4529999999999985,1
-0.34,1383717966,-0.118,0.004,-0.084,0.0461,1.237,-5.488,1
-0.34,1363833929,-0.217,0.004,-0.085,0.0462,1.113,-5.247999999999998,1
-0.34,1392883549,-0.106,0.004,-0.086,0.047,1.109,-4.828,1
-0.34,1364188275,-0.348,0.003,-0.086,0.0518,1.155,-4.032,1
-0.339,1362305978,-0.075,0.003,-0.085,0.0521,1.125,-3.701,1
-0.339,1384770392,-0.191,0.004,-0.084,0.064,1.276,-2.4090000000000003,1
-0.339,1387177306,-0.034,0.004,-0.08199999999999999,0.0653,1.177,-1.791,1
-0.338,1335029358,0.004,0.005,-0.079,0.0649,1.32,-0.469,1
-0.338,1360376925,0.002,0.01,-0.075,0.0619,1.457,2.968,1
-0.337,1280760396,-0.206,0.01,-0.069,0.0622,1.215,2.191,1
-0.336,1237498333,0.273,0.016,-0.063,0.0618,1.539,1.991,1
-0.336,1210198731,-0.067,0.015,-0.056,0.064,1.276,-0.595,1
-0.334,1182604383,0.194,0.017,-0.049,0.0642,1.429,-1.356,1
-0.333,1148757567,-0.039,0.017,-0.042,0.0604,1.2819999999999998,-1.84,1
-0.332,1129472485,0.5710000000000001,0.031,-0.035,0.0617,1.731,-0.64,1
-0.33,1143549698,-0.046,0.03,-0.029,0.0615,1.49,-0.785,1
-0.329,1130264887,0.055,0.027000000000000003,-0.022,0.0614,1.3969999999999998,-0.8740000000000001,1
-0.327,1129164120,0.168,0.024,-0.016,0.0618,1.462,-0.94,1
-0.325,1154656645,0.242,0.022,-0.01,0.0617,1.5619999999999998,-0.976,1
-0.32299999999999995,1121407563,0.156,0.021,-0.005,0.0615,1.4369999999999998,-0.465,1
-0.32,1098377108,0.246,0.017,0.0,0.0603,1.5419999999999998,-0.927,1
-0.318,1107125586,0.17,0.018000000000000002,0.005,0.0638,1.592,-1.4469999999999998,0
-0.315,1189360740,0.518,0.03,0.009000000000000001,0.0739,1.885,-1.7080000000000002,0
-0.312,1219676427,0.308,0.024,0.012,0.103,1.56,-1.315,0
-0.309,1290708516,0.64,0.037000000000000005,0.016,0.122,1.949,-1.3,0
-0.305,1365533805,0.622,0.037000000000000005,0.018000000000000002,0.117,1.857,-1.248,0
-0.301,1417834595,0.6920000000000001,0.043,0.02,0.119,1.944,-1.564,0
-0.297,1438867576,0.8320000000000001,0.049,0.022,0.12,2.119,-1.6969999999999998,0
-0.292,1429053650,0.665,0.054000000000000006,0.023,0.136,1.94,-1.582,0
-0.287,1453344725,0.564,0.052000000000000005,0.024,0.135,1.862,-1.156,0
-0.28300000000000003,1477761802,0.361,0.044,0.024,0.0962,1.658,-1.2819999999999998,0
-0.278,1474081760,0.227,0.044,0.025,0.116,1.469,-1.955,0
-0.273,1480120135,0.205,0.047,0.025,0.094,1.471,-2.472,1
-0.268,1499924175,0.292,0.042,0.026,0.113,1.591,-3.597,0
-0.263,1473329014,0.569,0.039,0.026,0.107,1.771,-3.281,0
-0.258,1470068515,0.004,0.041,0.026,0.1,1.504,-3.689,0
-0.253,1364257610,0.33,0.043,0.026,0.0957,1.534,-2.709,0
-0.249,1363543893,0.378,0.042,0.025,0.0878,1.585,-2.803,0
-0.244,1335238825,0.399,0.04,0.025,0.0859,1.587,-2.374,0
-0.239,1331578942,0.149,0.039,0.024,0.0883,1.564,-2.43,0
-0.234,1335499256,0.374,0.035,0.024,0.0906,1.5319999999999998,-2.45,0
-0.229,1331119187,0.41,0.02,0.023,0.0927,1.722,-2.4090000000000003,0
-0.224,1351621652,0.349,0.012,0.021,0.0881,1.6569999999999998,-1.978,0
-0.219,1350140916,0.34700000000000003,0.006999999999999999,0.02,0.0852,1.608,-2.143,0
-0.214,1348984030,0.379,0.008,0.019,0.0867,1.6969999999999998,-1.953,0
-0.21,1345977589,0.295,0.006999999999999999,0.018000000000000002,0.0882,1.5119999999999998,-1.7819999999999998,0
-0.205,1328710816,0.202,0.006999999999999999,0.016,0.0854,1.487,-1.445,0
-0.2,1312316115,0.26,0.006999999999999999,0.015,0.0844,1.585,-0.618,0
-0.196,1252400487,0.048,0.009000000000000001,0.015,0.0873,1.32,-0.9,0
-0.192,1323482689,-0.465,0.05,0.014,0.0845,0.78,-0.74,0
-0.188,1306301640,-0.496,0.087,0.013,0.0869,0.764,-0.596,0
-0.185,1320413825,-0.546,0.115,0.013,0.0784,0.78,-0.83,0
-0.183,1366525857,-0.535,0.14,0.013,0.0886,0.7390000000000001,-0.085,0
-0.181,1350388927,-0.254,0.151,0.012,0.0855,0.8490000000000001,0.429,0
-0.179,1336935509,-0.371,0.16,0.013,0.087,0.8240000000000001,1.2990000000000002,0
-0.17800000000000002,1333367022,-0.457,0.152,0.013,0.0844,0.8170000000000001,1.042,0
-0.177,1368504839,-0.362,0.142,0.013,0.0859,0.779,0.759,0
-0.177,1367241857,-0.453,0.128,0.013,0.0915,0.805,0.662,0
-0.177,1375829064,-0.613,0.1,0.013,0.0907,0.754,0.274,0
-0.177,1384210911,-0.317,0.079,0.013,0.0905,0.853,0.862,0
-0.177,1372266936,-0.487,0.057,0.013,0.0907,0.789,1.178,0
-0.17800000000000002,1368406723,-0.446,0.019,0.013,0.104,0.777,1.483,0
-0.179,1372876082,-0.393,0.001,0.013,0.103,0.831,1.6230000000000002,0
-0.18,1401166532,-0.526,0.001,0.013,0.0935,0.765,2.642,0
-0.181,1399451025,-0.718,0.001,0.013,0.104,0.795,2.3680000000000003,0
-0.183,1403708091,-0.379,0.001,0.013,0.103,0.799,2.591,0
-0.185,1403018219,-0.489,0.001,0.014,0.113,0.8079999999999999,2.762,1
-0.18600000000000005,1387042835,-0.5579999999999999,0.001,0.014,0.105,0.83,2.515,1
-0.188,2443614929,-0.425,0.001,0.014,0.113,0.816,2.483,1
-0.191,2569069658,-0.5710000000000001,0.001,0.014,0.122,0.72,2.849,1
-0.193,2569085259,-0.435,0.001,0.014,0.127,0.865,2.596,1
-0.196,2576004582,-0.435,0.001,0.013,0.112,0.7929999999999999,2.3080000000000003,1
-0.198,2600235009,-0.612,0.002,0.013,0.119,0.7070000000000001,-0.417,1
-0.201,2598930048,-0.498,0.002,0.012,0.099,0.754,-0.135,1
-0.204,2589583725,-0.5820000000000001,0.002,0.011,0.104,0.72,0.625,1
-0.207,2558903791,-0.523,0.002,0.009000000000000001,0.0942,0.763,1.6569999999999998,1
-0.21,2524555730,-0.639,0.002,0.008,0.078,0.706,1.426,1
-0.213,2536786235,-0.525,0.002,0.006,0.106,0.7440000000000001,3.024,1
-0.21600000000000005,2558778193,-0.481,0.002,0.005,0.11,0.785,3.359,1
-0.22,2556404938,-0.446,0.003,0.005,0.113,0.648,3.672,1
-0.223,2598123270,-0.418,0.003,0.004,0.113,0.795,2.778,1
-0.227,2600752998,-0.384,0.003,0.002,0.118,0.835,1.421,1
-0.23,2594785671,-0.453,0.003,0.001,0.107,0.7440000000000001,1.433,1
-0.234,2571984069,-0.382,0.003,-0.001,0.0987,0.752,1.39,1
-0.237,2579821771,-0.482,0.002,-0.003,0.104,0.755,1.331,1
-0.241,2592148633,-0.478,0.002,-0.006,0.103,0.655,1.618,1
-0.245,2628939828,-0.599,0.002,-0.008,0.112,0.691,1.569,1
-0.248,2637044971,-0.407,0.003,-0.011,0.104,0.672,1.785,1
-0.252,2625974556,-0.433,0.003,-0.013,0.104,0.757,1.509,1
-0.256,2624010961,-0.482,0.003,-0.016,0.115,0.715,1.205,1
-0.26,2615719827,-0.564,0.003,-0.019,0.107,0.6729999999999999,0.393,1
-0.263,2636279005,-0.408,0.003,-0.022,0.0966,0.705,-0.005,1
-0.267,2634520507,-0.426,0.003,-0.025,0.099,0.6829999999999999,-0.251,1
-0.271,2635362447,-0.4920000000000001,0.003,-0.028,0.106,0.6629999999999999,-1.233,1
-0.275,2647589319,-0.403,0.002,-0.032,0.105,0.722,-1.118,1
-0.279,2648173376,-0.662,0.002,-0.034,0.107,0.613,-2.486,1
-0.28300000000000003,2649962922,-0.475,0.002,-0.037000000000000005,0.105,0.7020000000000001,-2.982,1
-0.28600000000000003,2613509312,-0.5770000000000001,0.002,-0.04,0.0908,0.743,-3.942,1
-0.29,2628276400,-0.782,0.001,-0.042,0.0894,0.675,-5.447,1
-0.294,2632527496,-0.585,0.001,-0.044,0.101,0.629,-6.04,1
-0.298,2647516622,-0.789,0.002,-0.046,0.104,0.75,-6.5920000000000005,1
-0.301,2650448370,-0.645,0.002,-0.048,0.0909,0.631,-6.43,1
-0.305,2648037272,-0.748,0.002,-0.051,0.103,0.68,-6.075,1
-0.309,2645036157,-0.604,0.002,-0.053,0.093,0.6779999999999999,-5.6960000000000015,1
-0.313,2646410506,-1.103,0.002,-0.055,0.087,0.629,-5.4,1
-0.316,2668131028,-0.667,0.003,-0.056,0.0825,0.823,-4.8,1
-0.32,2681780174,-0.774,0.003,-0.058,0.0958,0.623,-4.784,1
-0.32299999999999995,2693775970,-0.752,0.003,-0.059,0.0951,0.71,-4.007,1
-0.327,2704832205,-0.826,0.003,-0.06,0.0957,0.736,-3.699,1
-0.33,2696437192,-0.725,0.003,-0.06,0.0932,0.7120000000000001,-4.172,1
-0.333,2694378241,-0.81,0.003,-0.061,0.108,0.732,-4.198,1
-0.336,2698031608,-0.8340000000000001,0.003,-0.061,0.0936,0.758,-3.78,1
-0.339,2646055758,-1.135,0.003,-0.061,0.093,0.75,-3.427,1
-0.342,2633072765,-0.909,0.003,-0.06,0.0911,0.6509999999999999,-3.565,1
-0.345,2601403881,-1.2,0.003,-0.06,0.11,0.7490000000000001,-3.504,1
-0.348,2534762980,-1.186,0.003,-0.059,0.0916,0.6709999999999999,-3.099,1
-0.35100000000000003,2455790513,-1.245,0.003,-0.058,0.0965,0.6990000000000001,-2.813,1
-0.354,2398757845,-1.49,0.003,-0.058,0.108,0.629,-2.647,1
-0.35700000000000004,2405663977,-1.203,0.003,-0.057,0.0952,0.737,-2.378,1
-0.359,2426609439,-1.178,0.002,-0.056,0.0962,0.684,-2.605,1
-0.362,2324184155,-0.988,0.001,-0.055,0.109,0.67,-2.898,1
-0.364,2331110471,-0.7440000000000001,0.002,-0.054000000000000006,0.11,0.725,-3.937,1
-0.3670000000000001,2285357920,-0.722,0.002,-0.053,0.105,0.7490000000000001,-3.411,1
-0.369,2260254210,-0.998,0.002,-0.052000000000000005,0.106,0.5920000000000001,-3.342,1
-0.3720000000000001,2204917482,-1.082,0.002,-0.05,0.0958,0.6890000000000001,-3.125,1
-0.374,2192887627,-0.69,0.003,-0.049,0.109,0.813,-3.138,1
-0.376,2194823345,-0.911,0.003,-0.048,0.0904,0.623,-2.7880000000000003,1
-0.378,2232904606,-0.983,0.004,-0.046,0.0907,0.602,-2.748,1
-0.38,2284032088,-0.8809999999999999,0.003,-0.045,0.0909,0.706,-3.107,1
-0.383,2298062311,-0.963,0.004,-0.044,0.0957,0.601,-2.7060000000000004,1
-0.385,2306293280,-0.893,0.004,-0.043,0.0957,0.639,-1.98,1
-0.387,2371527950,-1.044,0.004,-0.041,0.0957,0.6779999999999999,-1.845,1
-0.389,2360144003,-1.014,0.004,-0.039,0.0967,0.643,-1.878,1
-0.391,2360237314,-1.017,0.004,-0.038,0.0966,0.591,-1.736,1
-0.393,2591542000,-0.955,0.004,-0.036000000000000004,0.0972,0.742,-1.716,1
-0.394,2684197598,-0.857,0.004,-0.034,0.0964,0.655,-1.866,1
-0.396,2745209872,-0.809,0.004,-0.032,0.0991,0.6779999999999999,-1.989,1
-0.398,2863381925,-0.931,0.003,-0.03,0.0967,0.654,-3.036,1
-0.399,2914692661,-0.6970000000000001,0.003,-0.029,0.0971,0.623,-2.835,1
-0.401,2875111709,-0.099,0.002,-0.027000000000000003,0.0976,0.68,-2.825,1
-0.403,2877370119,-0.158,0.002,-0.025,0.0975,0.606,-2.827,1
-0.404,2859897340,-0.247,0.003,-0.024,0.116,0.5329999999999999,-2.963,1
-0.406,2913049241,-0.071,0.002,-0.022,0.114,0.6679999999999999,-3.112,1
-0.407,2908008345,-0.17600000000000002,0.002,-0.021,0.108,0.672,-3.516,1
-0.409,2889327833,-0.199,0.002,-0.019,0.101,0.625,-3.619,1
-0.41,2890628439,-0.187,0.002,-0.018000000000000002,0.101,0.631,-3.4530000000000003,1
-0.411,2849344722,-0.108,0.002,-0.017,0.104,0.6709999999999999,-3.381,1
-0.413,2860661721,-0.19,0.002,-0.017,0.116,0.615,-3.464,1
-0.414,2857056347,-0.126,0.001,-0.016,0.12,0.628,-3.12,1
-0.415,2854699378,-0.165,0.002,-0.015,0.112,0.687,-3.085,1
-0.416,2849691636,-0.247,0.002,-0.015,0.114,0.5429999999999999,-3.273,1
-0.417,2964942682,-0.061,0.003,-0.014,0.126,0.716,-3.653,1
-0.418,3005535892,-0.105,0.003,-0.014,0.118,0.726,-3.771,1
-0.419,2954461290,-0.2,0.003,-0.014,0.116,0.5660000000000001,-4.2330000000000005,1
-0.42,2966036192,-0.117,0.003,-0.014,0.116,0.6779999999999999,-3.971,1
-0.421,3055093970,-0.145,0.002,-0.013,0.118,0.655,-3.926,1
-0.421,3210749990,-0.147,0.002,-0.013,0.131,0.6609999999999999,-4.0139999999999985,1
-0.422,3356321935,-0.106,0.003,-0.013,0.14300000000000002,0.725,-3.542,1
-0.422,2532027288,-0.028,0.004,-0.013,0.136,0.787,-2.5860000000000003,1
-0.422,2320848021,-0.035,0.004,-0.013,0.141,0.685,-2.725,1
-0.423,2309466788,-0.146,0.004,-0.012,0.141,0.72,-2.25,1
-0.423,2331328122,-0.018000000000000002,0.005,-0.012,0.132,0.775,-2.031,1
-0.423,2370232758,-0.07400000000000001,0.004,-0.011,0.126,0.633,-2.394,1
-0.422,2450449494,-0.018000000000000002,0.005,-0.01,0.128,0.737,-1.879,1
-0.422,2479947415,0.053,0.003,-0.01,0.126,0.773,-1.55,1
-0.422,2501291657,0.001,0.004,-0.009000000000000001,0.123,0.764,-1.023,1
-0.421,2449949029,-0.066,0.004,-0.008,0.13699999999999998,0.64,-0.75,1
-0.421,2403624037,0.051,0.003,-0.006999999999999999,0.124,0.795,-2.604,1
-0.42,2402651250,-0.049,0.003,-0.006,0.128,0.736,-2.635,1
-0.419,2451743318,0.057,0.003,-0.005,0.127,0.705,-2.52,1
-0.418,2611502518,-0.019,0.002,-0.004,0.114,0.7759999999999999,-1.219,1
-0.417,2689395672,-0.083,0.003,-0.002,0.121,0.7509999999999999,0.132,1
-0.416,2727723622,0.01,0.002,-0.001,0.113,0.754,0.3,1
-0.415,2713109011,-0.047,0.002,0.0,0.11,0.705,0.201,1
-0.413,2679061814,-0.014,0.002,0.001,0.112,0.741,0.19,1
-0.412,2679177094,-0.009000000000000001,0.003,0.003,0.11,0.6459999999999999,0.277,1
-0.411,2772977512,0.085,0.002,0.004,0.111,0.7759999999999999,0.154,1
-0.409,2891009150,0.044,0.002,0.005,0.112,0.716,0.091,1
-0.408,2948043770,-0.013,0.002,0.006,0.112,0.743,0.273,1
-0.406,3000873247,0.0,0.002,0.006,0.126,0.715,0.525,1
-0.405,3067072466,0.033,0.001,0.006999999999999999,0.123,0.706,1.185,1
-0.403,3016678185,-0.021,0.001,0.008,0.123,0.684,1.213,1
-0.401,3037123529,-0.034,0.002,0.008,0.132,0.649,0.928,1
-0.399,3094356805,0.068,0.002,0.009000000000000001,0.147,0.73,0.679,1
-0.398,3112557860,-0.033,0.001,0.009000000000000001,0.153,0.6890000000000001,-0.194,1
-0.396,3155865844,0.083,0.001,0.008,0.14800000000000002,0.696,0.5710000000000001,1
-0.394,3360534633,0.073,0.001,0.008,0.153,0.775,0.013,1
-0.392,3446393763,-0.069,0.002,0.008,0.147,0.674,0.04,1
-0.39,3373913662,0.013,0.001,0.006999999999999999,0.147,0.688,0.345,1
-0.388,3367888182,0.013,0.002,0.006999999999999999,0.147,0.643,0.386,1
-0.386,3568394481,-0.008,0.001,0.006999999999999999,0.147,0.741,0.894,1
-0.384,3628767377,0.039,0.001,0.006,0.146,0.67,2.209,1
-0.383,3623219514,-0.009000000000000001,0.001,0.006,0.14800000000000002,0.6709999999999999,1.477,1
-0.381,3621619298,-0.013,0.001,0.005,0.151,0.6659999999999999,1.096,1
-0.379,3758636279,0.118,0.001,0.005,0.158,0.747,0.852,1
-0.376,3774926343,-0.066,0.002,0.004,0.153,0.757,0.3670000000000001,1
-0.374,3837617198,0.01,0.002,0.004,0.153,0.633,0.345,1
-0.3720000000000001,3952937158,-0.006999999999999999,0.002,0.003,0.154,0.703,0.062,1
-0.37,4280167274,-0.001,0.002,0.002,0.156,0.735,-0.171,1
-0.368,4455112372,0.03,0.002,0.002,0.152,0.742,-0.207,1
-0.366,4457717061,-0.079,0.002,0.001,0.153,0.652,-0.152,1
-0.363,4360276632,-0.086,0.002,0.0,0.154,0.672,-0.159,1
-0.361,4236344024,-0.042,0.002,-0.001,0.154,0.708,-0.28800000000000003,1
-0.359,4213461000,0.15,0.002,-0.002,0.14400000000000002,0.8009999999999999,-0.5710000000000001,1
-0.35700000000000004,4208532430,-0.102,0.002,-0.003,0.147,0.647,-0.479,1
-0.354,4181018839,0.068,0.002,-0.004,0.156,0.74,-0.385,1
-0.35200000000000004,4115520578,-0.056,0.003,-0.005,0.155,0.642,-0.287,1
-0.35,4046966351,0.023,0.003,-0.006,0.158,0.652,-0.284,1
-0.34700000000000003,4037107951,-0.063,0.002,-0.006999999999999999,0.16,0.674,-0.364,1
-0.345,3778471355,0.062,0.002,-0.008,0.157,0.746,-0.331,1
-0.343,3714726763,-0.066,0.003,-0.009000000000000001,0.158,0.604,-0.688,1
-0.34,3724622712,-0.026,0.003,-0.01,0.158,0.6990000000000001,-0.785,1
-0.338,3737292476,-0.087,0.003,-0.011,0.158,0.6629999999999999,-0.965,1
-0.336,3773121422,0.14400000000000002,0.003,-0.012,0.162,0.736,-1.244,1
-0.333,3748924658,0.033,0.003,-0.013,0.17,0.721,-1.083,1
-0.331,3661705394,-0.055,0.003,-0.014,0.16699999999999998,0.758,-1.294,1
-0.328,3511837926,0.117,0.003,-0.016,0.18,0.74,-1.149,1
-0.326,3628521773,0.175,0.003,-0.017,0.158,0.7759999999999999,-0.406,1
-0.32299999999999995,3618149580,-0.025,0.002,-0.018000000000000002,0.179,0.682,-0.265,1
-0.32,3606358107,0.229,0.003,-0.018000000000000002,0.182,0.83,-0.26,1
-0.318,3572113220,0.166,0.004,-0.019,0.19,0.8059999999999999,-0.917,1
-0.315,3591054826,0.114,0.004,-0.019,0.193,0.792,-0.931,1
-0.312,3542815989,0.16,0.004,-0.019,0.19,0.802,-1.284,1
-0.309,3373792804,0.135,0.004,-0.019,0.174,0.726,-0.863,1
-0.305,3477596928,0.07200000000000001,0.003,-0.019,0.17600000000000002,0.8140000000000001,-0.936,1
-0.302,3536694117,0.272,0.004,-0.019,0.204,0.927,-0.645,1
-0.298,3535644550,0.151,0.004,-0.019,0.203,0.8290000000000001,-0.403,1
-0.295,3569643691,0.279,0.005,-0.018000000000000002,0.243,0.933,-0.162,1
-0.29100000000000004,3567471201,0.156,0.004,-0.018000000000000002,0.236,0.779,-0.022,1
-0.287,3670344213,0.16899999999999998,0.004,-0.017,0.21,0.8490000000000001,-0.897,1
-0.28300000000000003,3609891973,0.063,0.005,-0.016,0.196,0.669,-0.691,1
-0.28,3496820708,0.314,0.006,-0.015,0.185,0.847,-0.406,1
-0.276,3501209684,-0.032,0.006,-0.015,0.201,0.636,-0.7979999999999999,1
-0.272,3480376176,0.179,0.006999999999999999,-0.014,0.203,0.851,-0.606,1
-0.268,3397494197,-0.004,0.009000000000000001,-0.014,0.191,0.621,-0.7609999999999999,1
-0.265,3339971360,0.021,0.01,-0.013,0.177,0.652,-0.664,1
-0.262,3176901153,-0.118,0.013,-0.013,0.182,0.552,-0.188,1
-0.259,3001468408,0.09,0.014,-0.012,0.168,0.705,-0.584,1
-0.256,2998368503,0.0,0.015,-0.012,0.165,0.628,-0.92,1
-0.253,2960596423,-0.048,0.013,-0.012,0.179,0.64,-1.293,1
-0.25,2816888320,0.139,0.012,-0.012,0.197,0.682,-1.176,1
-0.247,2829638672,-0.068,0.009000000000000001,-0.013,0.2,0.648,-1.425,1
-0.244,2893076180,0.038,0.008,-0.013,0.193,0.764,-1.281,1
-0.242,2815901875,0.17800000000000002,0.006999999999999999,-0.014,0.183,0.7440000000000001,-1.171,1
-0.239,2614724915,0.0,0.006999999999999999,-0.015,0.18600000000000005,0.6779999999999999,-1.217,1
-0.236,2639907325,0.046,0.005,-0.016,0.187,0.701,-1.218,1
-0.234,2636630683,-0.131,0.006,-0.016,0.21600000000000005,0.531,-0.92,1
-0.232,2671647033,-0.054000000000000006,0.004,-0.017,0.227,0.6709999999999999,-1.499,1
-0.229,2617721574,-0.17,0.004,-0.018000000000000002,0.217,0.618,-2.5780000000000003,1
-0.227,2669322278,-0.08,0.004,-0.019,0.215,0.605,-2.486,1
-0.225,2624615045,-0.086,0.003,-0.02,0.21,0.634,-2.406,1
-0.223,2408900349,-0.182,0.003,-0.021,0.22,0.593,-2.364,1
-0.222,2399028876,0.033,0.003,-0.023,0.223,0.6659999999999999,-2.138,1
-0.22,2398111626,-0.16,0.004,-0.024,0.241,0.5770000000000001,-2.19,1
-0.218,2384426175,-0.14,0.004,-0.025,0.275,0.633,-2.385,1
-0.217,2539609034,-0.039,0.004,-0.025,0.246,0.725,-2.32,1
-0.215,2481926587,-0.053,0.003,-0.026,0.297,0.5870000000000001,-2.361,1
-0.214,2448801580,-0.021,0.004,-0.027000000000000003,0.311,0.774,-2.604,1
-0.212,2371051230,-0.109,0.004,-0.027000000000000003,0.29,0.627,-2.639,1
-0.21,2366543017,-0.019,0.004,-0.028,0.29100000000000004,0.6859999999999999,-2.622,1
-0.209,2358503801,-0.195,0.003,-0.028,0.34700000000000003,0.581,-3.332,1
-0.207,2414859598,0.018000000000000002,0.004,-0.029,0.322,0.77,-3.4210000000000003,1
-0.206,2418686726,-0.112,0.004,-0.03,0.332,0.6409999999999999,-3.683,1
-0.204,2457793906,-0.004,0.004,-0.03,0.317,0.701,-3.658,1
-0.203,2428397182,-0.149,0.004,-0.031,0.302,0.5920000000000001,-3.604,1
-0.202,2338002506,-0.034,0.004,-0.032,0.292,0.612,-3.42,1
-0.2,2416754916,-0.142,0.004,-0.033,0.271,0.635,-3.274,1
-0.199,2415897481,-0.044,0.004,-0.034,0.276,0.672,-3.503,1
-0.198,2425293216,-0.13,0.004,-0.034,0.287,0.613,-3.549,1
-0.197,2424275151,-0.1,0.004,-0.035,0.302,0.614,-3.865,1
-0.196,2422945647,-0.03,0.003,-0.036000000000000004,0.341,0.6759999999999999,-3.595,1
-0.194,2429380913,0.004,0.002,-0.037000000000000005,0.336,0.6890000000000001,-3.579,1
-0.193,2434028040,0.001,0.002,-0.038,0.334,0.649,-3.299,1
-0.192,2454936982,-0.138,0.003,-0.038,0.332,0.5920000000000001,-3.072,1
-0.191,2430525761,0.018000000000000002,0.002,-0.039,0.339,0.7070000000000001,-2.8160000000000003,1
-0.19,2436717900,-0.033,0.001,-0.04,0.379,0.6629999999999999,-3.524,1
-0.189,2391160745,-0.08199999999999999,0.002,-0.04,0.453,0.693,-3.0,1
-0.188,2396632897,0.112,0.003,-0.041,0.477,0.7859999999999999,-2.891,1
-0.18600000000000005,2515447622,0.069,0.003,-0.041,0.479,0.757,-3.4210000000000003,1
-0.185,2505629164,0.09,0.003,-0.042,0.421,0.732,-3.406,1
-0.183,2480336346,-0.02,0.003,-0.042,0.419,0.721,-3.373,1
-0.181,2480700107,-0.014,0.003,-0.042,0.52,0.6559999999999999,-3.3360000000000003,1
-0.18,2493642147,0.112,0.003,-0.042,0.534,0.7829999999999999,-3.315,1
-0.17800000000000002,2495100311,0.073,0.003,-0.042,0.544,0.7390000000000001,-3.222,1
-0.17600000000000002,2471562373,0.063,0.003,-0.042,0.56,0.81,-2.693,1
-0.174,2511193195,0.096,0.005,-0.042,0.631,0.853,-2.335,1
-0.172,2524614780,0.057,0.004,-0.041,0.616,0.69,-1.844,1
-0.17,2532252127,0.11,0.003,-0.04,0.57,0.813,-1.711,1
-0.16699999999999998,2405595001,0.046,0.003,-0.039,0.642,0.7809999999999999,-1.77,1
-0.165,2420599059,0.068,0.003,-0.038,0.626,0.81,-1.707,1
-0.162,2461855121,0.031,0.003,-0.036000000000000004,0.551,0.684,-1.585,1
-0.16,2491769159,0.064,0.003,-0.035,0.547,0.736,-1.504,1
-0.158,2500894217,0.059,0.003,-0.033,0.598,0.7659999999999999,-1.278,1
-0.155,2456990021,-0.077,0.003,-0.031,0.569,0.725,-1.2,1
-0.153,2484236437,0.053,0.003,-0.029,0.579,0.7,-1.013,1
-0.15,2486229324,-0.031,0.003,-0.027000000000000003,0.611,0.7090000000000001,-0.8590000000000001,1
-0.14800000000000002,2584960365,0.162,0.003,-0.025,0.616,0.804,-1.324,1
-0.145,2598507834,0.092,0.003,-0.023,0.62,0.7440000000000001,-1.362,1
-0.14300000000000002,2880082528,0.117,0.003,-0.021,0.606,0.7909999999999999,-1.369,1
-0.14,2931314885,-0.091,0.002,-0.019,0.562,0.655,-1.257,1
-0.138,2873715078,-0.019,0.004,-0.017,0.517,0.584,-0.489,1
-0.136,2895726424,-0.044,0.004,-0.015,0.504,0.655,-0.34,1
-0.134,4039473520,-0.084,0.005,-0.013,0.519,0.578,-0.206,1
-0.132,4036060605,-0.078,0.004,-0.012,0.544,0.6579999999999999,-0.461,1
-0.131,4147001101,-0.041,0.004,-0.01,0.528,0.68,-0.98,1
-0.129,4154215847,-0.147,0.005,-0.008,0.519,0.611,-0.47,1
-0.127,4123023601,-0.122,0.005,-0.006999999999999999,0.496,0.618,-0.3670000000000001,1
-0.126,3833967271,-0.313,0.006999999999999999,-0.006,0.423,0.463,-2.424,1
-0.125,3836128575,-0.057,0.006999999999999999,-0.005,0.4370000000000001,0.625,-2.3040000000000003,1
-0.124,3877210035,-0.322,0.009000000000000001,-0.005,0.453,0.508,-2.514,1
-0.123,4017813860,-0.16,0.006999999999999999,-0.005,0.472,0.6459999999999999,-2.269,1
-0.123,4024455408,-0.196,0.006,-0.005,0.465,0.596,-2.343,1
-0.122,4075364312,-0.173,0.003,-0.005,0.422,0.63,-2.095,1
-0.122,4043809457,-0.177,0.003,-0.005,0.474,0.5489999999999999,-1.867,1
-0.121,3787881353,-0.218,0.003,-0.005,0.441,0.596,-2.048,1
