difficulty90sma,fee_to_reward14stdUSD,mining_profitability90mom,mining_profitability90trx,price30varUSD,price90varUSD,priceUSD,top100cap90roc,category
3906368.0,0.555,4974.0,0.091,343.51800000000003,427.406,94.715,2.1830000000000003,0
3947659.0,0.563,5757.0,0.10400000000000001,405.594,485.111,107.749,2.1790000000000003,0
3988950.0,0.541,6575.0,0.11699999999999999,499.42199999999997,562.186,120.00299999999999,1.864,0
4030241.0,0.627,6518.0,0.132,596.59,643.239,123.56200000000001,2.302,0
4074968.0,0.627,7877.0,0.147,701.54,731.342,128.664,1.485,0
4127116.0,0.629,6611.0,0.163,812.71,827.367,134.114,1.171,0
4179265.0,0.5760000000000001,6962.0,0.179,941.058,937.173,142.08,0.72,0
4229880.0,0.578,8304.0,0.196,1159.0,1096.0,163.561,1.514,0
4279029.0,0.586,11242.0,0.215,1552.0,1346.0,195.39700000000002,1.699,0
4328179.0,0.527,10026.0,0.235,1786.0,1534.0,178.5,2.133,0
4377328.0,0.5429999999999999,5145.0,0.254,1742.0,1576.0,115.0,4.169,0
4426478.0,0.542,4077.0,0.273,1664.0,1586.0,92.446,3.92,0
4475627.0,0.5660000000000001,4304.0,0.29100000000000004,1584.0,1602.0,98.435,4.43,0
4524777.0,0.556,3409.0,0.307,1498.0,1609.0,91.84899999999999,4.743,0
4573926.0,0.551,3941.0,0.32299999999999995,1411.0,1610.0,87.10799999999999,6.064,1
4623075.0,0.561,2563.0,0.33799999999999997,1333.0,1602.0,75.043,6.763999999999999,1
4676283.0,0.611,3013.0,0.35100000000000003,1257.0,1595.0,77.734,6.239,1
4739892.0,0.531,2400.0,0.363,1181.0,1601.0,94.679,6.406000000000001,0
4803500.0,0.547,3496.0,0.375,1120.0,1617.0,106.7,6.356,0
4867108.0,0.512,4565.0,0.386,1075.0,1641.0,114.48,6.916,0
4930717.0,0.599,4312.0,0.397,1028.0,1663.0,114.295,6.992000000000001,0
4994325.0,0.598,3277.0,0.40700000000000003,970.5,1682.0,113.535,6.765,0
5058627.0,0.591,4534.0,0.41600000000000004,914.725,1709.0,120.78,6.499,0
5125355.0,0.599,4322.0,0.426,880.7289999999999,1755.0,134.8,6.013,0
5192083.0,0.5870000000000001,5828.0,0.435,852.3989999999999,1805.0,139.74,6.126,0
5258811.0,0.621,3996.0,0.444,824.092,1841.0,132.945,5.513,0
5325539.0,0.607,3524.0,0.45299999999999996,798.309,1864.0,126.316,4.096,0
5392267.0,0.675,4843.0,0.461,769.4680000000001,1881.0,124.045,4.196000000000001,0
5458995.0,0.619,3953.0,0.469,743.0189999999999,1905.0,130.56,3.372,0
5535502.0,0.619,3167.0,0.47600000000000003,719.012,1932.0,134.465,3.072,0
5614474.0,0.504,2620.0,0.483,696.544,1944.0,124.662,3.627,0
5693447.0,0.541,2339.0,0.488,693.883,1938.0,111.04899999999999,3.8569999999999998,0
5772419.0,0.499,1784.0,0.493,705.323,1924.0,102.694,4.218,0
5851391.0,0.499,1683.0,0.498,713.182,1909.0,105.04,4.109,0
5930364.0,0.47,3132.0,0.501,712.21,1900.0,113.464,4.058,0
6007704.0,0.47200000000000003,2261.0,0.504,706.495,1888.0,113.005,3.552,0
6083269.0,0.451,2584.0,0.507,690.4119999999999,1872.0,110.375,3.7119999999999997,0
6158833.0,0.408,1918.0,0.509,620.663,1855.0,109.595,3.7689999999999997,0
6234398.0,0.452,2034.0,0.51,405.733,1835.0,108.42,3.931,0
6309963.0,0.46399999999999997,2281.0,0.511,259.572,1816.0,110.54,3.8,0
6385528.0,0.46299999999999997,2177.0,0.511,259.128,1798.0,112.50299999999999,3.548,0
6463591.0,0.384,1665.0,0.511,247.201,1777.0,111.738,3.362,0
6551499.0,0.36700000000000005,1591.0,0.51,241.146,1756.0,112.241,2.94,0
6639408.0,0.379,439.60699999999997,0.509,227.512,1730.0,108.635,3.0180000000000002,0
6727317.0,0.408,1012.0,0.507,207.533,1701.0,104.575,3.227,0
6815226.0,0.5429999999999999,582.264,0.504,158.959,1674.0,107.0,3.915,0
6903135.0,0.542,1037.0,0.502,113.564,1647.0,110.492,3.7569999999999997,0
6991043.0,0.555,1143.0,0.499,99.055,1620.0,112.815,4.802,0
7074909.0,0.496,1601.0,0.495,96.427,1591.0,112.905,4.743,0
7158645.0,0.49200000000000005,833.778,0.491,96.632,1562.0,113.2,4.735,0
7242381.0,0.475,1105.0,0.48700000000000004,96.537,1534.0,115.28,3.807,0
7326117.0,0.473,1433.0,0.483,96.287,1506.0,116.686,4.058,0
7409853.0,0.467,1582.0,0.479,95.81200000000001,1477.0,118.696,3.639,0
7493589.0,0.48100000000000004,1674.0,0.474,86.575,1449.0,124.605,4.044,0
7580253.0,0.495,1808.0,0.47,72.165,1422.0,127.725,3.404,0
7674724.0,0.5770000000000001,815.627,0.465,67.865,1393.0,128.75,3.588,0
7769195.0,0.5870000000000001,1510.0,0.46,69.483,1361.0,128.355,3.783,0
7863666.0,0.58,984.6039999999999,0.455,70.53399999999999,1327.0,125.725,3.855,0
7958138.0,0.535,1210.0,0.45,66.944,1293.0,126.43,3.533,0
8050460.0,0.305,1451.0,0.445,59.442,1259.0,127.245,3.7089999999999996,0
8136966.0,0.297,1291.0,0.44,60.659,1223.0,126.42399999999999,3.161,0
8223472.0,0.355,1855.0,0.435,64.368,1184.0,126.90899999999999,2.758,0
8309978.0,0.36200000000000004,885.383,0.429,60.54,1143.0,124.135,2.5180000000000002,0
8396484.0,0.342,1445.0,0.424,56.443000000000005,1102.0,120.333,2.411,1
8482990.0,0.33799999999999997,482.219,0.418,56.24,1063.0,119.685,2.033,1
8584089.0,0.34299999999999997,-996.03,0.413,55.893,1024.0,120.096,2.479,1
8708953.0,0.337,-975.461,0.406,54.287,985.028,119.38799999999999,1.599,1
8833817.0,0.33799999999999997,-1440.0,0.4,52.303000000000004,945.645,115.014,1.5419999999999998,1
8958681.0,0.335,-1435.0,0.39299999999999996,51.088,905.92,110.585,2.2569999999999997,1
9083545.0,0.31,-1697.0,0.385,54.048,865.7869999999999,105.935,2.427,1
9208408.0,0.336,-1871.0,0.37799999999999995,59.32899999999999,823.4069999999999,104.06,2.3080000000000003,1
9333272.0,0.27899999999999997,-1346.0,0.37,62.193000000000005,778.185,106.555,2.055,1
9454831.0,0.262,-1265.0,0.361,64.186,732.69,108.05,2.489,1
9574364.0,0.263,-1245.0,0.353,65.244,686.6039999999999,106.945,2.8989999999999996,1
9693897.0,0.273,-1348.0,0.344,66.782,640.7180000000001,102.855,3.053,1
9813430.0,0.275,-1765.0,0.336,72.793,594.117,100.25,3.1489999999999996,1
9936776.0,0.309,-1456.0,0.326,80.415,550.082,100.355,3.498,1
10097793.0,0.298,-2532.0,0.317,87.99799999999999,512.27,100.846,3.6260000000000003,1
10258811.0,0.304,-4318.0,0.307,92.74,481.32,103.663,3.2510000000000003,1
10419829.0,0.24600000000000002,-3714.0,0.297,96.26899999999999,456.66900000000004,105.104,3.588,1
10580847.0,0.515,-4064.0,0.287,99.323,433.334,105.82600000000001,3.665,1
10741865.0,0.515,-3687.0,0.27699999999999997,101.93,407.301,106.072,3.819,1
10894734.0,0.534,-2390.0,0.267,105.389,382.51800000000003,103.671,3.4360000000000004,1
11035217.0,0.542,-2325.0,0.256,106.70700000000001,362.366,101.679,3.267,1
11175699.0,0.532,-2912.0,0.24600000000000002,106.773,345.395,98.478,2.502,1
11316182.0,0.536,-3197.0,0.235,104.932,335.14099999999996,97.24700000000001,1.829,1
11456664.0,0.531,-4874.0,0.22399999999999998,100.711,329.11,98.0,1.743,1
11597147.0,0.545,-3819.0,0.214,98.647,324.092,96.6,1.12,1
11737629.0,0.539,-4231.0,0.203,97.984,321.497,92.242,0.731,1
11887430.0,0.5710000000000001,-4680.0,0.192,96.917,321.368,89.28299999999999,1.507,1
12050091.0,0.5589999999999999,-5247.0,0.18100000000000002,93.193,323.753,89.829,0.927,1
12212752.0,0.594,-5957.0,0.16899999999999998,90.55799999999999,332.32,85.60799999999999,0.934,1
12375413.0,0.5920000000000001,-6923.0,0.158,91.27,342.26300000000003,83.204,1.32,1
12538074.0,0.613,-6670.0,0.147,95.736,352.405,81.42399999999999,1.359,1
12697299.0,0.41600000000000004,-8206.0,0.135,101.759,362.722,78.461,2.594,1
12849103.0,0.41100000000000003,-7094.0,0.124,111.917,374.435,73.017,3.0039999999999996,1
13000907.0,0.342,-7769.0,0.11199999999999999,131.22299999999998,386.93,66.0,3.93,1
13152710.0,0.39299999999999996,-8552.0,0.1,143.57,374.069,69.751,4.297,1
13304514.0,0.359,-11567.0,0.08900000000000001,151.065,305.876,73.54899999999999,4.4510000000000005,1
13456318.0,0.35200000000000004,-10651.0,0.077,161.57299999999998,264.712,72.494,4.239,1
13608121.0,0.342,-5200.0,0.065,166.96,274.874,75.98899999999999,1.9080000000000001,1
13812948.0,0.34700000000000003,-4874.0,0.053,163.602,279.731,81.5,2.275,1
14018391.0,0.258,-5146.0,0.040999999999999995,155.444,284.236,84.999,1.83,1
14223834.0,0.26899999999999996,-3950.0,0.03,146.643,285.632,88.095,1.33,1
14429277.0,0.27699999999999997,-4134.0,0.018000000000000002,141.207,285.188,88.156,-0.127,1
14634720.0,0.284,-3239.0,0.006,137.378,277.393,89.295,-0.9570000000000001,1
14836105.0,0.271,-3313.0,-0.005,133.23,271.137,89.925,-0.517,1
15027089.0,0.271,-2976.0,-0.017,128.392,273.135,88.775,-0.379,1
15218073.0,0.293,-4655.0,-0.027999999999999997,120.648,277.728,86.48299999999999,1.175,1
15409057.0,0.311,-5244.0,-0.039,111.007,282.749,83.838,0.018000000000000002,1
15600041.0,0.325,-4972.0,-0.051,99.449,287.563,83.85799999999999,-0.01,1
15791026.0,0.305,-4331.0,-0.062,86.485,292.272,83.889,0.047,1
15993330.0,0.311,-5719.0,-0.073,75.568,294.758,84.1,0.092,1
16240915.0,0.311,-6213.0,-0.084,66.207,289.242,85.24,0.83,1
16488500.0,0.32,-6987.0,-0.095,59.772,279.003,86.425,0.593,1
16736086.0,0.335,-5886.0,-0.106,54.477,272.47700000000003,87.875,0.42200000000000004,1
16983671.0,0.349,-4980.0,-0.11699999999999999,48.716,268.915,89.193,1.5319999999999998,1
17231256.0,0.337,-6224.0,-0.128,43.832,266.35400000000004,88.506,1.536,1
17478841.0,0.33299999999999996,-5937.0,-0.138,42.018,259.925,88.353,2.218,1
17716647.0,0.325,-4791.0,-0.149,42.931000000000004,249.622,91.241,2.512,1
17951988.0,0.312,-4745.0,-0.159,44.667,244.60299999999998,93.05,2.326,1
18187329.0,0.359,-3823.0,-0.16899999999999998,49.67,243.90900000000002,96.0,2.613,1
18422669.0,0.35,-3606.0,-0.18,54.376999999999995,244.21900000000002,95.875,2.154,1
18658010.0,0.336,-4046.0,-0.19,58.173,244.426,95.495,2.336,1
18925434.0,0.319,-4990.0,-0.2,60.413000000000004,243.08599999999998,95.37200000000001,2.0909999999999997,1
19228950.0,0.294,-4106.0,-0.209,57.849,241.899,94.551,2.4530000000000003,1
19532466.0,0.301,-4285.0,-0.21899999999999997,46.674,241.16299999999998,95.46,2.1430000000000002,1
19835983.0,0.304,-3991.0,-0.22899999999999998,39.36,240.40099999999998,96.89200000000001,2.1430000000000002,1
20139499.0,0.293,-4143.0,-0.23800000000000002,35.0,239.79,97.39,2.273,1
20443015.0,0.299,-4381.0,-0.248,27.518,238.827,95.932,2.772,1
20746532.0,0.28300000000000003,-4748.0,-0.257,21.926,237.502,94.179,2.7710000000000004,1
21047550.0,0.299,-3858.0,-0.266,19.743,236.41,93.381,2.535,1
21338722.0,0.292,-3911.0,-0.276,18.934,235.145,93.038,3.168,1
21629895.0,0.324,-3436.0,-0.285,19.045,234.551,93.98899999999999,4.2410000000000005,1
21947951.0,0.326,-3456.0,-0.294,19.305,234.46400000000003,94.93799999999999,4.524,1
22388207.0,0.33,-4036.0,-0.303,20.048,233.891,96.29299999999999,3.659,1
22828464.0,0.506,-4242.0,-0.312,20.986,232.50099999999998,96.95200000000001,3.389,1
23268720.0,0.527,-4252.0,-0.32,21.491999999999997,230.425,96.54299999999999,2.978,1
23708977.0,0.528,-3940.0,-0.32899999999999996,21.256,228.24400000000003,96.796,2.3169999999999997,1
24149233.0,0.53,-3707.0,-0.33799999999999997,19.519000000000002,225.899,96.925,2.231,1
24589490.0,0.531,-4685.0,-0.34700000000000003,17.727999999999998,222.732,97.99600000000001,2.423,1
25029746.0,0.535,-4171.0,-0.355,16.748,219.032,101.101,1.52,1
25470003.0,0.537,-4758.0,-0.364,17.615,214.84900000000002,105.11,1.3530000000000002,1
25910259.0,0.537,-4449.0,-0.37200000000000005,19.910999999999998,207.895,107.292,1.2229999999999999,1
26347588.0,0.54,-4641.0,-0.38,21.053,198.646,106.115,1.722,1
26836070.0,0.535,-4392.0,-0.389,22.022,188.516,105.79899999999999,1.643,1
27431588.0,0.523,-4658.0,-0.397,24.23,178.93200000000002,107.66,1.381,1
28027107.0,0.488,-4363.0,-0.405,26.011999999999997,171.268,108.695,1.197,1
28622625.0,0.475,-4472.0,-0.413,29.318,164.033,111.875,1.1840000000000002,1
29218143.0,2.456,-4592.0,-0.42100000000000004,36.469,157.486,115.28,1.216,1
29813661.0,2.472,-4188.0,-0.429,43.803999999999995,151.672,115.785,0.762,1
30409180.0,2.476,-4919.0,-0.43700000000000006,54.0,146.683,118.34700000000001,0.727,1
31004698.0,2.479,-3894.0,-0.444,67.676,145.453,122.066,0.596,1
31600216.0,2.502,-4290.0,-0.452,83.25,147.96,124.65100000000001,0.716,1
32195735.0,2.504,-4200.0,-0.46,98.21700000000001,151.4,125.588,0.601,1
32776660.0,2.5069999999999997,-3064.0,-0.467,109.62899999999999,154.155,124.863,0.12300000000000001,1
33511428.0,2.5069999999999997,-3170.0,-0.474,114.885,154.866,120.74700000000001,0.6970000000000001,1
34303955.0,2.506,-3010.0,-0.48200000000000004,116.75299999999999,155.884,117.345,0.091,1
35096481.0,2.505,-3157.0,-0.489,116.561,157.496,115.05,-0.106,1
35889008.0,2.502,-2539.0,-0.496,114.62899999999999,160.291,115.023,-0.552,1
36681534.0,2.5069999999999997,-2667.0,-0.504,111.20100000000001,164.078,116.613,-0.509,1
37474061.0,2.5180000000000002,-2931.0,-0.511,106.541,167.917,117.844,-1.1420000000000001,1
38266587.0,2.531,-2993.0,-0.518,101.46799999999999,172.412,119.961,-1.557,1
39059114.0,0.247,-2501.0,-0.525,97.073,178.053,121.73299999999999,-1.776,1
39851640.0,0.247,-2676.0,-0.532,93.48200000000001,185.405,123.67,-2.081,1
40644167.0,0.244,-2462.0,-0.539,89.89200000000001,193.10299999999998,124.07,-2.274,1
41435500.0,0.273,-2445.0,-0.546,85.243,200.584,123.947,-2.474,1
42472048.0,0.26,-1828.0,-0.552,78.333,207.75900000000001,123.693,-2.6430000000000002,1
43508596.0,0.324,-2049.0,-0.5589999999999999,70.15899999999999,214.62900000000002,123.8,-2.9539999999999997,1
44545143.0,2.971,-2338.0,-0.5660000000000001,60.766999999999996,221.472,124.251,-3.122,1
45581691.0,3.0610000000000004,-2287.0,-0.573,51.512,228.56799999999998,125.036,-3.2319999999999998,1
46618239.0,3.073,-2410.0,-0.579,43.451,234.16,122.527,-2.633,1
47654786.0,3.083,-2164.0,-0.586,38.13,239.22400000000002,121.008,-2.4659999999999997,1
48691334.0,3.09,-1973.0,-0.5920000000000001,34.1,244.403,121.10799999999999,-2.6519999999999997,1
49727882.0,3.0980000000000003,-1992.0,-0.599,28.715999999999998,249.71599999999998,121.53399999999999,-3.47,1
50764430.0,3.091,-2049.0,-0.605,22.486,254.722,121.286,-3.035,1
51800977.0,3.088,-2013.0,-0.612,17.41,259.64,121.31,-3.3510000000000004,1
52983927.0,3.0780000000000003,-2164.0,-0.618,12.842,264.71299999999997,122.14,-3.657,1
54422593.0,3.072,-2014.0,-0.625,10.217,269.244,122.652,-3.5869999999999997,1
55851942.0,3.049,-1858.0,-0.631,9.087,272.725,122.374,-3.614,1
57268429.0,3.031,-1533.0,-0.637,8.116,276.471,123.20100000000001,-3.662,1
58684916.0,3.031,-1628.0,-0.643,7.841,278.656,123.325,-3.747,1
60101404.0,3.051,-1512.0,-0.65,7.893,279.39799999999997,123.05,-3.9339999999999997,1
61517891.0,1.251,-1682.0,-0.6559999999999999,7.7010000000000005,279.07599999999996,123.374,-3.823,1
62934379.0,0.877,-1333.0,-0.662,9.701,273.319,112.777,-3.307,1
64350866.0,0.639,-1466.0,-0.6679999999999999,14.449000000000002,263.22900000000004,108.50399999999999,-2.74,1
65767354.0,0.638,-1264.0,-0.674,14.898,249.03,117.03200000000001,-3.375,1
67183841.0,0.6459999999999999,-1124.0,-0.68,14.591,237.946,119.311,-3.266,1
68770439.0,0.652,-1462.0,-0.6859999999999999,13.562999999999999,229.122,119.368,-3.708,1
70636505.0,0.655,-1340.0,-0.6920000000000001,12.405999999999999,219.33,120.405,-3.7939999999999996,1
72502571.0,0.669,-1564.0,-0.698,11.739,211.864,121.615,-3.677,1
74315614.0,0.667,-1160.0,-0.7040000000000001,11.432,207.768,122.89299999999999,-3.995,1
76128040.0,0.667,-1102.0,-0.71,11.505,205.33700000000002,123.50299999999999,-3.609,1
77940467.0,0.272,-1500.0,-0.716,11.681,204.113,123.83200000000001,-2.7060000000000004,1
79752893.0,0.271,-1365.0,-0.722,11.755999999999998,202.71200000000002,124.149,-2.35,1
81565319.0,0.27399999999999997,-1366.0,-0.728,12.459000000000001,202.50099999999998,126.822,-2.112,1
83377746.0,0.278,-1332.0,-0.7340000000000001,14.626,203.641,130.11700000000002,-2.117,1
85190172.0,0.251,-1533.0,-0.7390000000000001,19.903,206.23,134.739,-2.509,1
87342964.0,0.26899999999999996,-1266.0,-0.745,26.164,207.99200000000002,136.214,-4.24,1
90027057.0,0.29600000000000004,-1399.0,-0.7509999999999999,34.44,209.13400000000001,138.704,-3.783,1
92711150.0,0.307,-1347.0,-0.7559999999999999,48.066,212.882,143.72299999999998,-3.1660000000000004,1
95395243.0,0.295,-1428.0,-0.762,77.189,224.071,153.886,-3.062,1
98068016.0,0.28,-1051.0,-0.767,110.52,237.456,157.329,-3.196,1
100695508.0,0.264,-941.216,-0.773,157.781,258.12,164.81,-3.44,1
103323000.0,0.235,-1196.0,-0.778,245.87400000000002,297.905,180.31599999999997,-3.952,1
105950492.0,0.25,-998.3760000000001,-0.784,366.337,353.711,191.426,-3.977,1
108577984.0,0.284,-1101.0,-0.789,454.733,398.466,185.605,-4.061,1
111205476.0,0.273,-1224.0,-0.794,489.786,419.142,169.46900000000002,0.975,1
115006278.0,0.266,-1128.0,-0.799,528.323,442.16900000000004,172.97,1.176,1
119002632.0,0.37,-1363.0,-0.805,574.309,472.13199999999995,178.428,0.732,1
122998985.0,0.345,-1361.0,-0.81,641.3580000000001,514.696,188.042,0.462,1
126995339.0,0.327,-1284.0,-0.815,715.2360000000001,564.596,193.13400000000001,-0.11900000000000001,1
130991693.0,0.34,-1169.0,-0.82,785.7410000000001,615.9490000000001,195.57,0.428,1
134988046.0,0.35600000000000004,-1352.0,-0.825,845.6060000000001,664.862,195.73,0.469,1
138952317.0,0.36,-1002.0,-0.83,877.1360000000001,714.61,197.87,1.021,1
142880495.0,0.38799999999999996,-1108.0,-0.835,885.335,763.966,199.6,0.955,1
146808673.0,0.377,-1028.0,-0.84,908.998,816.085,202.56,1.4909999999999999,1
150736851.0,0.40299999999999997,-1092.0,-0.845,958.842,886.215,213.80599999999998,3.657,1
154902579.0,0.42200000000000004,-1023.0,-0.85,1058.0,989.395,231.403,3.819,1
160164101.0,1.421,-1138.0,-0.855,1214.0,1127.0,248.28400000000002,3.932,1
165425623.0,1.895,-926.324,-0.8590000000000001,1489.0,1331.0,274.025,4.226,1
170687145.0,2.121,-1049.0,-0.8640000000000001,1889.0,1606.0,298.115,4.565,1
175948667.0,2.097,-906.047,-0.8690000000000001,2546.0,2016.0,334.983,3.9160000000000004,1
181210189.0,2.103,-925.817,-0.873,2757.0,2247.0,291.892,2.842,1
186444826.0,2.07,-822.395,-0.878,3063.0,2549.0,314.01,2.283,1
191557264.0,2.113,-599.567,-0.882,3484.0,2930.0,336.63,2.553,1
196669702.0,2.12,-668.1469999999999,-0.8859999999999999,4129.0,3444.0,369.033,2.677,1
201782140.0,2.127,-533.809,-0.8909999999999999,5022.0,4104.0,400.994,3.134,1
206894577.0,2.156,-585.9540000000001,-0.895,5894.0,4802.0,411.755,3.716,1
212007015.0,2.178,-569.616,-0.899,6690.0,5512.0,418.345,3.85,1
217472689.0,2.224,-537.1030000000001,-0.902,7781.0,6410.0,453.251,3.8989999999999996,1
223680160.0,2.245,-616.377,-0.9059999999999999,10288.0,8002.0,550.5,4.584,1
229887630.0,2.258,-501.99300000000005,-0.91,13495.0,10010.0,601.887,5.13,1
236095101.0,1.925,-729.242,-0.9129999999999999,14494.0,11081.0,494.668,5.044,1
242302571.0,1.4069999999999998,-484.82,-0.917,17097.0,12961.0,599.545,5.452999999999999,1
248451081.0,0.69,-321.741,-0.92,21012.0,15530.0,675.1160000000001,9.126,0
254492555.0,0.535,-184.613,-0.9229999999999999,25916.0,18743.0,738.6389999999999,7.471,0
260534028.0,0.486,-278.402,-0.9259999999999999,29071.0,21446.0,702.545,7.607,0
266575502.0,0.267,-276.329,-0.9279999999999999,32106.0,24298.0,723.096,7.624,0
272616975.0,0.26899999999999996,-374.38300000000004,-0.9309999999999999,36342.0,27951.0,796.6439999999999,7.162000000000001,0
278658449.0,0.28300000000000003,-80.821,-0.9329999999999999,42573.0,32790.0,891.298,7.608,0
284699922.0,0.29,-157.769,-0.935,49146.0,38137.0,934.539,8.005,0
291018128.0,0.28,-274.775,-0.937,56079.0,44077.0,981.6669999999999,7.303,0
298147664.0,0.244,-94.09100000000001,-0.938,64092.0,51036.0,1052.0,7.207999999999999,0
305277200.0,0.24,-287.269,-0.9390000000000001,66331.0,55604.0,915.571,7.515,0
312406736.0,0.23199999999999998,-372.994,-0.94,67523.0,60048.0,917.898,7.3420000000000005,0
319358664.0,0.215,126.74,-0.941,69334.0,65314.0,984.654,7.08,0
326252834.0,0.213,-40.729,-0.9420000000000001,71510.0,71213.0,1037.0,7.69,0
333147003.0,0.191,28.105,-0.943,71471.0,76172.0,991.025,7.436,0
340041173.0,0.20600000000000002,120.906,-0.943,69088.0,79876.0,916.265,8.235,0
346935343.0,0.244,-191.84799999999998,-0.943,64413.0,81263.0,720.715,8.263,0
353829512.0,0.28300000000000003,-209.476,-0.9440000000000001,59964.0,82679.0,733.548,8.902999999999999,0
360723682.0,0.289,-142.24200000000002,-0.9440000000000001,56859.0,85272.0,856.334,8.931000000000001,0
368373712.0,0.29,-141.89,-0.9440000000000001,52702.0,88471.0,916.819,10.349,0
377500577.0,0.268,-238.245,-0.9440000000000001,47989.0,91167.0,887.697,11.446,0
386627442.0,0.249,-250.622,-0.943,42917.0,93334.0,853.6210000000001,11.83,0
395751687.0,0.239,-239.294,-0.943,38251.0,95551.0,870.1339999999999,12.235999999999999,0
404593046.0,0.256,15.375,-0.943,33796.0,97463.0,854.784,11.982999999999999,0
413434405.0,0.268,-70.688,-0.943,29100.0,99035.0,834.51,12.265999999999998,0
422275764.0,0.263,-164.87,-0.9420000000000001,24201.0,99934.0,774.416,12.228,0
431117123.0,0.267,-233.55900000000003,-0.9420000000000001,20550.0,99997.0,673.0010000000001,12.384,0
439958482.0,0.261,-256.47700000000003,-0.9420000000000001,20479.0,99414.0,554.5219999999999,11.674000000000001,1
448799842.0,0.249,-216.575,-0.941,20284.0,99019.0,615.988,11.613,0
457641201.0,0.249,-222.97299999999998,-0.941,17579.0,98804.0,663.529,11.56,0
468250800.0,0.107,-262.068,-0.941,17367.0,98279.0,614.2909999999999,12.085999999999999,0
480120740.0,0.099,-254.73,-0.941,17816.0,97783.0,634.818,11.657,0
491990681.0,0.096,-266.58299999999997,-0.941,18557.0,97294.0,650.085,11.792,0
503714219.0,0.095,-199.105,-0.94,18836.0,96845.0,670.7280000000001,12.186,0
515182041.0,0.07400000000000001,-83.553,-0.94,19256.0,96324.0,670.3939999999999,10.015,0
526649863.0,0.07,-104.24700000000001,-0.94,19481.0,96062.0,730.449,9.799,0
538117685.0,0.068,-112.73299999999999,-0.94,19379.0,95858.0,753.055,9.762,0
549585508.0,0.063,-123.82799999999999,-0.94,18976.0,95464.0,738.125,9.507,0
561053330.0,0.063,-83.645,-0.94,18008.0,94925.0,729.7589999999999,9.397,0
572521152.0,0.065,-107.26899999999999,-0.94,15724.0,94483.0,760.7189999999999,9.481,0
583988974.0,0.07400000000000001,-81.811,-0.94,15145.0,93829.0,756.6139999999999,8.267000000000001,0
595456796.0,0.084,-15.012,-0.94,14479.0,93125.0,771.1439999999999,5.999,0
609426268.0,0.106,-155.219,-0.94,12953.0,92438.0,779.773,6.167999999999999,0
623533626.0,0.10300000000000001,-143.701,-0.94,10487.0,91749.0,793.6289999999999,6.167000000000001,0
637470873.0,0.106,-50.032,-0.94,8857.0,91223.0,834.69,6.662000000000001,0
651128652.0,0.105,45.413999999999994,-0.94,8487.0,90898.0,877.685,6.43,0
664786431.0,0.201,11.005999999999998,-0.94,9847.0,91167.0,961.717,6.655,0
678444211.0,0.2,-16.82,-0.94,10580.0,90861.0,914.81,6.921,0
692101990.0,0.201,-37.798,-0.94,10534.0,89914.0,848.331,6.609,0
705759770.0,0.204,1.4240000000000002,-0.9390000000000001,10006.0,88850.0,849.84,6.117999999999999,0
719417549.0,0.204,-89.228,-0.9390000000000001,9720.0,87636.0,846.22,6.011,0
733075328.0,0.209,-2.9410000000000003,-0.9390000000000001,10066.0,86675.0,899.4760000000001,5.932,0
746733108.0,0.214,-25.871,-0.9390000000000001,10251.0,85561.0,893.878,6.05,0
763855142.0,0.213,-163.79399999999998,-0.9390000000000001,10157.0,84003.0,837.415,6.0520000000000005,0
781295507.0,0.213,-38.053000000000004,-0.9390000000000001,10206.0,82377.0,844.33,6.127000000000001,0
798204570.0,0.2,19.643,-0.9390000000000001,10484.0,80726.0,857.806,6.669,0
815113633.0,0.196,-64.863,-0.9390000000000001,10399.0,78980.0,854.1080000000001,6.558,0
832022697.0,0.19899999999999998,-97.12100000000001,-0.9390000000000001,8800.0,77064.0,822.71,6.763,0
848931760.0,0.19899999999999998,-29.947,-0.9390000000000001,7919.0,75138.0,836.905,6.827999999999999,0
865840823.0,0.2,-85.32700000000001,-0.9390000000000001,7443.0,73201.0,842.293,7.4270000000000005,0
882749887.0,0.105,-83.713,-0.9390000000000001,6533.0,71528.0,886.057,7.86,0
899658950.0,0.109,-144.735,-0.9390000000000001,5624.0,69732.0,863.039,7.9,0
916568013.0,0.109,-94.022,-0.9390000000000001,4752.0,67718.0,852.448,8.09,0
933477077.0,0.11,-103.006,-0.9390000000000001,3997.0,65360.0,837.8969999999999,2.553,0
950900388.0,0.107,14.440999999999999,-0.9390000000000001,3190.0,62832.0,808.1569999999999,3.355,0
970932823.0,0.099,-49.692,-0.9390000000000001,2852.0,60332.0,829.446,3.265,0
990965257.0,0.085,-45.131,-0.9390000000000001,2654.0,57945.0,861.16,3.489,0
1010997691.0,0.08199999999999999,-32.79,-0.9390000000000001,2334.0,55496.0,859.05,3.7439999999999998,0
1031030125.0,0.076,-104.273,-0.94,1980.0,52795.0,798.2130000000001,3.59,0
1051062560.0,0.07400000000000001,-76.676,-0.94,1761.0,50068.0,825.551,3.417,0
1071094994.0,0.07200000000000001,-59.723,-0.94,1533.0,47238.0,812.648,3.279,0
1091127428.0,0.065,-51.815,-0.94,1356.0,44360.0,824.5419999999999,3.361,0
1111159862.0,0.076,-66.09100000000001,-0.941,1198.0,41453.0,838.57,3.545,0
1131192297.0,0.084,-78.233,-0.941,1096.0,38571.0,835.689,1.3,0
1150987181.0,0.08800000000000001,-101.655,-0.941,1126.0,35763.0,816.934,0.937,0
1169686271.0,0.081,-61.551,-0.9420000000000001,1137.0,33063.0,817.692,1.6680000000000001,0
1191439337.0,0.08199999999999999,-88.389,-0.9420000000000001,707.502,30585.0,830.298,-1.054,0
1214889056.0,0.07400000000000001,-123.76299999999999,-0.943,595.846,28249.0,800.337,-1.102,0
1238338775.0,0.086,-232.988,-0.943,1005.0,26222.0,727.9010000000001,-1.172,0
1261788495.0,0.08800000000000001,-167.565,-0.9440000000000001,1630.0,23761.0,696.6610000000001,-1.238,0
1285238214.0,0.08800000000000001,-200.047,-0.945,2399.0,21531.0,676.2289999999999,-1.099,0
1308687933.0,0.08900000000000001,-207.908,-0.945,3081.0,19536.0,659.682,-1.3780000000000001,0
1332137652.0,0.084,-196.94099999999997,-0.946,3650.0,17819.0,661.433,-1.012,0
1355587371.0,0.086,-288.64,-0.9470000000000001,4617.0,16448.0,634.091,-0.9840000000000001,0
1379037090.0,0.086,-300.534,-0.948,6226.0,15392.0,574.95,-0.74,0
1402486809.0,0.08900000000000001,-306.45799999999997,-0.9490000000000001,8024.0,14521.0,547.519,-0.775,0
1425583292.0,0.084,-293.862,-0.95,9071.0,13722.0,587.908,-1.022,0
1447937978.0,0.084,-302.627,-0.951,9625.0,13357.0,633.999,-0.885,0
1475866128.0,0.168,-433.05300000000005,-0.9520000000000001,10068.0,13248.0,630.288,-0.9159999999999999,0
1503867133.0,0.168,-305.387,-0.953,10404.0,12569.0,628.232,-0.27899999999999997,0
1531868139.0,0.17,-376.25300000000004,-0.9540000000000001,10344.0,12477.0,622.409,-0.146,0
1559869144.0,0.17,-502.222,-0.955,10551.0,12743.0,597.613,-3.258,0
1587870150.0,0.16699999999999998,-525.715,-0.956,11011.0,13274.0,565.081,-1.829,0
1615871155.0,0.16699999999999998,-479.756,-0.958,11281.0,13681.0,578.305,-1.663,0
1643872161.0,0.168,-500.84,-0.9590000000000001,11317.0,13950.0,618.523,-1.403,0
1671873166.0,0.16899999999999998,-504.208,-0.96,11469.0,14460.0,570.345,-1.6780000000000002,0
1699874172.0,0.177,-729.296,-0.9620000000000001,11900.0,15206.0,499.8,-2.764,1
1727875177.0,0.177,-688.809,-0.963,11358.0,15394.0,572.999,-2.659,1
1755599450.0,0.177,-638.996,-0.965,11211.0,15322.0,580.375,-2.085,0
1785966313.0,0.177,-742.933,-0.9670000000000001,10775.0,14870.0,567.6569999999999,-1.8869999999999998,0
1820503152.0,0.17300000000000001,-584.268,-0.968,10378.0,15071.0,560.0830000000001,-2.019,1
1855039991.0,0.163,-518.0409999999999,-0.97,9698.0,15229.0,561.09,-1.791,1
1889576830.0,0.106,-703.203,-0.971,8517.0,14896.0,604.807,-2.083,1
1924113669.0,0.124,-590.2090000000001,-0.973,7280.0,14050.0,677.6060000000001,-1.546,0
1958650508.0,0.12,-619.887,-0.975,6192.0,13471.0,662.002,-1.018,1
1993187347.0,0.11900000000000001,-617.837,-0.977,5039.0,13217.0,661.3530000000001,-1.505,0
2027724186.0,0.12,-417.97900000000004,-0.978,3622.0,13324.0,642.185,-7.4239999999999995,1
2062261025.0,0.11900000000000001,-468.82800000000003,-0.98,2502.0,13487.0,619.677,-7.127999999999999,1
2096797865.0,0.121,-454.63800000000003,-0.982,2064.0,13474.0,627.479,-7.945,1
2130578843.0,0.127,-520.106,-0.9840000000000001,1826.0,13237.0,630.3009999999999,-11.898,1
2162882987.0,0.11900000000000001,-400.541,-0.986,1680.0,13101.0,625.927,-12.6,1
2195187131.0,0.11800000000000001,-370.594,-0.987,1617.0,13031.0,636.984,-12.63,1
2231961379.0,0.114,-426.509,-0.9890000000000001,1550.0,12896.0,638.79,-12.850999999999999,1
2269093235.0,0.11699999999999999,-447.583,-0.991,1548.0,12806.0,632.924,-12.504000000000001,0
2306225091.0,0.128,-347.796,-0.993,1536.0,12763.0,631.464,-12.493,0
2343356947.0,0.131,-385.95,-0.995,1430.0,12821.0,631.648,-12.447000000000001,0
2380488803.0,0.11699999999999999,-308.495,-0.997,1420.0,12897.0,625.026,-12.45,0
2417620660.0,0.10400000000000001,-229.662,-0.9990000000000001,1402.0,12718.0,613.511,-12.5,0
2454752516.0,0.102,-273.558,-1.001,1389.0,12723.0,613.783,-12.713,0
2491884372.0,0.10300000000000001,-241.565,-1.003,1383.0,12859.0,596.009,-12.562000000000001,1
2527247988.0,0.10300000000000001,-213.356,-1.004,1399.0,12946.0,582.231,-12.152999999999999,1
2561351263.0,0.107,-219.261,-1.006,1460.0,13137.0,563.3480000000001,-12.009,1
2595454537.0,0.12300000000000001,-207.88299999999998,-1.008,1462.0,13348.0,564.372,-11.879000000000001,1
2629781406.0,0.11199999999999999,-217.595,-1.01,1496.0,13587.0,563.641,-12.046,1
2672291822.0,0.11199999999999999,-223.625,-1.012,1515.0,13776.0,577.854,-10.838,1
2714802237.0,0.115,-270.513,-1.014,1497.0,13976.0,579.582,-10.74,1
2757312653.0,0.113,-268.10900000000004,-1.016,1253.0,14278.0,543.197,-10.427,1
2799823068.0,0.102,-233.581,-1.018,1569.0,14749.0,502.664,-9.721,1
2842333484.0,0.11,-281.41200000000003,-1.02,1908.0,15226.0,499.324,-9.613,1
2884843899.0,0.109,-275.526,-1.022,2438.0,15807.0,469.42800000000005,-9.896,1
2927354315.0,0.11,-278.612,-1.024,3041.0,16438.0,457.005,-9.467,1
2969864730.0,0.10800000000000001,-303.832,-1.0270000000000001,3462.0,16927.0,476.29699999999997,-8.335,1
3009873496.0,0.109,-170.482,-1.0290000000000001,3958.0,17427.0,466.32199999999995,-8.086,1
3049744376.0,0.11,-262.883,-1.031,4391.0,18040.0,434.95099999999996,-8.404,1
3089615256.0,0.111,-228.954,-1.033,4712.0,18451.0,444.394,-9.012,1
3135632567.0,0.091,-322.313,-1.035,4875.0,18619.0,451.81199999999995,-8.905,1
3187868619.0,0.081,-300.697,-1.037,5008.0,18248.0,459.325,-8.863,1
3240104671.0,0.091,-271.851,-1.0390000000000001,5218.0,18121.0,454.031,-8.857000000000001,1
3292340723.0,0.111,-274.802,-1.042,5345.0,18273.0,451.41,-8.787,1
3344576775.0,0.147,-292.251,-1.044,5412.0,18401.0,447.11,-8.863999999999999,1
3396812828.0,0.15,-244.75400000000002,-1.046,5713.0,18704.0,407.70300000000003,-9.059,1
3449048880.0,0.149,-292.127,-1.0490000000000002,5866.0,18720.0,403.32800000000003,-9.164,1
3501284932.0,0.149,-300.632,-1.051,5730.0,18595.0,425.31,-9.073,1
3550056730.0,0.158,-170.90599999999998,-1.053,5599.0,18744.0,415.876,-9.074,1
3598169831.0,0.157,-200.702,-1.055,5227.0,18681.0,445.898,-8.828,1
3646282933.0,0.158,-225.253,-1.058,4685.0,18361.0,487.666,-9.329,1
3694396034.0,0.156,-191.71900000000002,-1.06,4166.0,17942.0,517.354,-9.57,1
3744824966.0,0.152,-165.076,-1.062,3705.0,17675.0,505.461,-10.136000000000001,1
3802483807.0,0.15,-219.65400000000002,-1.065,3207.0,17373.0,485.296,-10.29,1
3860142648.0,0.145,-195.34599999999998,-1.067,2815.0,16998.0,490.961,-10.307,1
3917801489.0,0.149,-233.61700000000002,-1.069,2505.0,16321.0,501.27099999999996,-10.333,1
3975460330.0,0.15,-183.97299999999998,-1.072,2294.0,15749.0,498.97,-10.383,1
4033119172.0,0.142,-222.16299999999998,-1.074,2060.0,15222.0,491.704,-10.537,1
4090778013.0,0.106,-187.378,-1.0759999999999998,1814.0,14754.0,486.543,-9.595,1
4146749296.0,0.11,-178.821,-1.079,1463.0,14404.0,487.399,-10.368,1
4199915904.0,0.111,-151.111,-1.081,1072.0,13980.0,464.777,-10.425999999999998,1
4253082513.0,0.111,-158.414,-1.083,885.438,13365.0,456.496,-10.556,1
4306249122.0,0.102,-178.25,-1.0859999999999999,845.923,12740.0,450.93199999999996,-10.755999999999998,1
4359415730.0,0.102,-137.528,-1.088,828.2260000000001,12455.0,435.88800000000003,-10.619000000000002,1
4413113608.0,0.1,-148.64700000000002,-1.09,837.8530000000001,11972.0,443.35400000000004,-10.925,1
4477636100.0,0.10300000000000001,-185.75,-1.093,846.9,11522.0,444.26099999999997,-10.975,1
4542158592.0,0.107,-157.785,-1.095,840.4860000000001,10947.0,453.541,-10.852,1
4606681084.0,0.107,-162.52700000000002,-1.097,843.5239999999999,10267.0,448.574,-11.517000000000001,1
4671203576.0,0.10800000000000001,-168.91099999999997,-1.099,836.705,9590.0,439.48,-11.584000000000001,1
4735726067.0,0.105,-146.95600000000002,-1.102,850.01,9001.0,434.535,-11.527999999999999,1
4800248559.0,0.122,-163.938,-1.104,873.36,8378.0,431.727,-12.300999999999998,1
4861717076.0,0.114,-130.842,-1.1059999999999999,905.357,7652.0,427.341,-9.96,1
4921488939.0,0.113,-144.20600000000002,-1.109,921.539,7049.0,435.189,-9.96,1
4981260802.0,0.10400000000000001,-99.94200000000001,-1.111,929.301,6765.0,440.75,-9.679,1
5041032665.0,0.10800000000000001,-112.64399999999999,-1.113,931.7360000000001,6577.0,443.871,-9.756,1
5100804528.0,0.10800000000000001,-79.777,-1.115,851.42,6433.0,449.566,-9.726,1
5160576391.0,0.109,-114.155,-1.1179999999999999,757.7489999999999,6339.0,442.545,-9.381,1
5224333725.0,0.109,-96.34100000000001,-1.12,733.895,6237.0,438.129,-9.503,1
5293578301.0,0.109,-107.359,-1.122,685.821,6199.0,437.341,-9.626,1
5362822877.0,0.10300000000000001,-84.06200000000001,-1.124,690.696,6249.0,441.538,-9.671,1
5432067454.0,0.098,-83.89,-1.127,671.127,6310.0,445.787,-9.662,1
5501312030.0,0.10099999999999999,-88.931,-1.129,558.612,6330.0,444.76599999999996,-9.47,1
5570556606.0,0.11199999999999999,-96.41799999999999,-1.131,478.69,6248.0,446.281,-9.622,1
5634227719.0,0.122,-63.998000000000005,-1.133,448.461,6169.0,445.298,-9.802999999999999,1
5697825976.0,0.098,-79.777,-1.135,401.10400000000004,6087.0,445.022,-10.333,1
5761424233.0,0.09699999999999999,-80.453,-1.137,324.052,5985.0,465.278,-10.191,1
5825022490.0,0.09300000000000001,-66.245,-1.14,303.98900000000003,5910.0,492.31,-10.38,0
5888620747.0,0.091,-52.766000000000005,-1.1420000000000001,361.92699999999996,5880.0,509.156,-10.366,0
5952219004.0,0.08,-74.817,-1.1440000000000001,521.597,5834.0,529.149,-10.568,0
6024256524.0,0.07400000000000001,-67.815,-1.146,629.153,5706.0,519.347,-7.459,0
6105658157.0,0.075,-68.17399999999999,-1.148,993.0239999999999,5693.0,559.931,-6.94,0
6187059790.0,0.071,-45.295,-1.15,1486.0,5745.0,580.2769999999999,-5.563,0
6268461422.0,0.08,-73.218,-1.1520000000000001,1889.0,5746.0,573.388,-5.933,0
6349863055.0,0.081,-64.40100000000001,-1.1540000000000001,2224.0,5734.0,571.987,-5.74,0
6427810769.0,0.086,-55.784,-1.156,2501.0,5733.0,566.816,-5.567,0
6501588506.0,0.084,-36.221,-1.158,2927.0,5781.0,593.201,-5.655,0
6575366243.0,0.075,-41.15,-1.16,3540.0,5883.0,619.564,-5.624,0
6649143980.0,0.063,-50.332,-1.161,4314.0,5982.0,644.487,-5.367999999999999,0
6722921717.0,0.068,-59.21,-1.163,4890.0,5848.0,635.862,-5.882000000000001,0
6796699454.0,0.068,-55.65,-1.165,5635.0,5856.0,664.422,-6.028,0
6870477191.0,0.069,-66.127,-1.167,6033.0,5795.0,641.523,-5.936,0
6945681279.0,0.071,-51.506,-1.168,6390.0,5822.0,651.2719999999999,0.161,0
7033912703.0,0.071,-54.016999999999996,-1.17,6709.0,5918.0,654.137,-0.345,0
7122144126.0,0.079,-59.424,-1.171,6931.0,5983.0,650.778,0.537,0
7210375550.0,0.078,-49.131,-1.173,7090.0,6048.0,652.884,3.909,0
7298606973.0,0.077,-55.763999999999996,-1.175,7159.0,6110.0,648.195,3.909,0
7386838397.0,0.067,-62.378,-1.176,7105.0,6150.0,650.7669999999999,3.923,0
7470599716.0,0.063,-42.751000000000005,-1.178,6873.0,6160.0,642.504,4.105,0
7554003427.0,0.055999999999999994,-41.031000000000006,-1.179,6450.0,6131.0,621.319,4.093999999999999,0
7637407138.0,0.055999999999999994,-52.102,-1.18,5928.0,6051.0,595.946,4.172,0
7720810849.0,0.067,-55.56399999999999,-1.182,5378.0,5937.0,575.029,4.313,0
7804214560.0,0.076,-42.928000000000004,-1.183,4789.0,5826.0,565.303,4.292,0
7887618272.0,0.075,-44.592,-1.185,4172.0,5790.0,596.048,4.244,0
7971021983.0,0.073,-52.808,-1.186,3497.0,5754.0,596.985,4.519,0
8070142269.0,0.079,-52.318000000000005,-1.187,2773.0,5778.0,607.673,4.533,0
8172501848.0,0.07400000000000001,-49.369,-1.188,2185.0,5816.0,603.129,4.486000000000001,0
8274861428.0,0.073,-38.875,-1.19,1788.0,5856.0,590.957,4.591,0
8377221008.0,0.079,-50.281000000000006,-1.1909999999999998,1489.0,5892.0,589.485,4.581,0
8479356994.0,0.085,-45.568999999999996,-1.192,1287.0,5947.0,598.9,4.56,0
8573309433.0,0.083,-29.81,-1.193,1027.0,5965.0,589.476,4.195,0
8667261872.0,0.083,-36.676,-1.194,960.7360000000001,5975.0,585.681,2.329,0
8761214312.0,0.078,-37.949,-1.196,988.8810000000001,5999.0,568.9119999999999,2.063,0
8855166751.0,0.07200000000000001,-27.154,-1.197,998.325,6034.0,569.836,1.245,0
8949119190.0,0.071,-28.246,-1.198,971.622,6086.0,583.871,1.169,0
9043071629.0,0.071,-19.852,-1.199,910.584,6136.0,596.82,1.203,0
9158874109.0,0.068,-34.213,-1.2,908.738,6164.0,594.664,0.7909999999999999,0
9290114118.0,0.091,-27.205,-1.2009999999999998,908.966,6260.0,620.059,0.773,0
9421354126.0,0.11800000000000001,-33.364000000000004,-1.202,919.785,6413.0,649.274,1.013,0
9552594135.0,0.127,-23.046,-1.203,937.961,6498.0,645.747,1.2790000000000001,0
9683834144.0,0.13,-24.564,-1.204,881.18,6584.0,643.645,1.099,0
9808927722.0,0.129,-15.739,-1.205,872.466,6656.0,636.5790000000001,1.294,0
9927802558.0,0.126,-21.035,-1.206,831.811,6716.0,629.756,1.037,0
10046677395.0,0.121,-18.732,-1.207,786.2560000000001,6767.0,632.7869999999999,1.0290000000000001,0
10165552231.0,0.121,-15.512,-1.208,741.178,6793.0,626.639,0.54,0
10284427068.0,0.122,-20.254,-1.209,683.507,6791.0,621.123,0.505,0
10403301904.0,0.122,-12.722999999999999,-1.21,637.08,6686.0,621.434,0.6409999999999999,0
10522176741.0,0.11900000000000001,-18.847,-1.2109999999999999,578.039,6549.0,616.557,0.754,0
10641051577.0,0.113,-16.111,-1.212,543.4580000000001,6472.0,622.121,0.711,0
10760109660.0,0.109,-15.222999999999999,-1.213,557.762,6378.0,632.056,0.87,0
10884738448.0,0.107,-19.358,-1.213,569.811,6345.0,629.664,0.823,0
11009367236.0,0.105,-21.976,-1.214,537.471,6366.0,621.8,1.126,0
11133996023.0,0.09,-19.992,-1.215,473.11400000000003,6413.0,621.061,0.99,0
11256308981.0,0.085,-24.924,-1.216,465.88199999999995,6441.0,617.3,1.3259999999999998,0
11371392029.0,0.084,-16.16,-1.217,458.839,6441.0,617.851,1.361,0
11486475077.0,0.081,-15.796,-1.217,460.602,6452.0,622.126,1.261,0
11601558125.0,0.078,-20.154,-1.218,462.249,6478.0,626.3919999999999,1.297,0
11716641173.0,0.081,-17.962,-1.219,445.533,6492.0,622.21,1.295,0
11831724221.0,0.081,-14.925,-1.219,423.131,6487.0,618.92,1.0490000000000002,0
11946807269.0,0.08199999999999999,-17.829,-1.22,413.325,6471.0,620.249,0.267,0
12061890317.0,0.08199999999999999,-14.589,-1.2209999999999999,387.56300000000005,6451.0,618.566,0.084,0
12176973366.0,0.08199999999999999,-21.965999999999998,-1.2209999999999999,355.87699999999995,6371.0,607.944,0.23,0
12293201710.0,0.084,-11.958,-1.222,284.178,6259.0,600.002,0.271,0
12423841698.0,0.078,-19.840999999999998,-1.222,221.86,6125.0,594.585,0.305,0
12554481686.0,0.078,-12.255,-1.2229999999999999,197.02200000000002,5946.0,596.029,0.113,0
12684590404.0,0.07,-17.67,-1.2229999999999999,219.577,5776.0,585.359,0.578,0
12803874509.0,0.067,-8.541,-1.224,240.65099999999998,5604.0,584.376,0.6809999999999999,0
12923158613.0,0.054000000000000006,-17.069000000000003,-1.224,306.134,5450.0,574.994,0.523,0
13042442718.0,0.055,-11.557,-1.225,332.061,5280.0,574.929,0.873,0
13161726823.0,0.055,-9.826,-1.225,320.305,5082.0,591.067,1.3119999999999998,0
13281010928.0,0.061,-11.687999999999999,-1.226,307.358,4863.0,590.42,1.409,0
13400295032.0,0.063,-10.449000000000002,-1.226,313.248,4627.0,583.32,1.337,0
13519579137.0,0.075,-17.713,-1.226,319.493,4371.0,585.95,1.347,0
13638863242.0,0.08199999999999999,-8.547,-1.227,322.313,4135.0,582.376,1.609,0
13758147346.0,0.084,-11.29,-1.227,331.42800000000005,3912.0,581.009,1.59,0
13877431451.0,0.084,-12.991,-1.227,338.76300000000003,3694.0,583.85,1.6269999999999998,0
14005585946.0,0.083,-14.059000000000001,-1.228,335.25300000000004,3489.0,590.585,1.5919999999999999,0
14135905655.0,0.091,-8.365,-1.228,338.749,3256.0,586.5269999999999,1.614,0
14262239894.0,0.092,-13.434000000000001,-1.228,332.194,3004.0,588.101,1.604,0
14383086890.0,0.092,-8.934,-1.228,309.241,2744.0,583.969,1.6369999999999998,0
14503933885.0,0.092,-10.839,-1.228,309.517,2499.0,568.256,1.632,0
14624780881.0,0.098,-13.67,-1.229,358.54699999999997,2277.0,551.058,1.646,0
14745627877.0,0.098,-11.222999999999999,-1.229,521.31,2091.0,518.99,1.7690000000000001,0
14866474873.0,0.098,-11.782,-1.229,734.2,1933.0,506.064,1.85,0
14987321869.0,0.09300000000000001,-14.463,-1.229,941.113,1780.0,501.845,1.989,0
15108168865.0,0.311,-11.520999999999999,-1.229,1094.0,1619.0,504.405,2.0269999999999997,0
15229015861.0,0.315,-12.35,-1.229,1362.0,1588.0,476.384,2.149,0
15356745812.0,0.315,-17.635,-1.229,1592.0,1627.0,476.972,2.2840000000000003,0
15523315298.0,0.316,-18.104,-1.23,1709.0,1665.0,491.13699999999994,2.272,0
15689884784.0,0.316,-19.297,-1.23,1671.0,1677.0,521.423,2.9410000000000003,0
15848015007.0,0.316,-15.267000000000001,-1.23,1641.0,1689.0,513.078,-0.6990000000000001,0
15996781117.0,0.315,-17.305,-1.23,1657.0,1769.0,503.70599999999996,-0.483,0
16145547227.0,0.313,-17.502,-1.23,1673.0,1858.0,504.41900000000004,-0.504,0
16294313337.0,0.322,-15.444,-1.23,1691.0,1946.0,502.86199999999997,-0.467,0
16443079447.0,0.32299999999999995,-17.121,-1.23,1672.0,2023.0,507.70300000000003,-0.354,0
16591845557.0,0.325,-15.243,-1.23,1652.0,2083.0,514.911,-0.301,0
16740611667.0,0.327,-20.102999999999998,-1.2309999999999999,1635.0,2158.0,509.791,0.313,0
16889377777.0,0.32899999999999996,-18.59,-1.2309999999999999,1637.0,2229.0,506.639,0.289,0
17038143887.0,0.335,-20.465,-1.2309999999999999,1637.0,2280.0,502.665,0.735,0
17187545451.0,0.132,-23.04,-1.2309999999999999,1610.0,2364.0,488.836,0.737,0
17376133349.0,0.134,-22.599,-1.2309999999999999,1591.0,2423.0,479.421,0.366,0
17564721246.0,0.136,-21.268,-1.2309999999999999,1581.0,2514.0,477.176,0.21,0
17751882793.0,0.136,-20.427,-1.2309999999999999,1540.0,2589.0,475.398,0.11199999999999999,0
17926017004.0,0.136,-18.057000000000002,-1.2309999999999999,1471.0,2638.0,481.29699999999997,0.506,0
18100151215.0,0.13699999999999998,-20.893,-1.2309999999999999,1378.0,2678.0,484.58099999999996,0.32799999999999996,0
18274285426.0,0.13699999999999998,-15.38,-1.2309999999999999,1258.0,2715.0,481.48199999999997,0.375,0
18448419637.0,0.18100000000000002,-22.221999999999998,-1.232,1079.0,2751.0,481.745,0.335,0
18622553848.0,0.152,-19.798,-1.232,919.5110000000001,2801.0,470.07300000000004,0.17600000000000002,0
18796688059.0,0.161,-18.125999999999998,-1.232,728.992,2866.0,466.454,-0.064,0
18970822270.0,0.161,-19.137,-1.232,504.735,2919.0,482.398,-0.275,0
19144956480.0,0.161,-15.592,-1.232,349.717,3005.0,475.58,-0.294,0
19319090691.0,0.159,-17.347,-1.232,256.70799999999997,3103.0,472.32199999999995,-0.445,0
19497352027.0,0.158,-15.59,-1.232,241.37,3193.0,475.441,-0.452,0
19698165152.0,0.146,-18.006,-1.232,240.111,3267.0,476.655,-0.41700000000000004,0
19898978276.0,0.146,-16.782,-1.232,242.62099999999998,3340.0,474.915,-0.41600000000000004,0
20084074826.0,0.147,-12.852,-1.232,249.26,3415.0,467.61300000000006,-0.47600000000000003,0
20265932082.0,0.147,-16.151,-1.2329999999999999,277.782,3513.0,456.38,-0.687,0
20447789337.0,0.147,-16.2,-1.2329999999999999,352.255,3660.0,438.51800000000003,-0.5489999999999999,0
20629646593.0,0.15,-15.149000000000001,-1.2329999999999999,557.862,3900.0,405.935,-0.726,0
20811503849.0,0.147,-13.020999999999999,-1.2329999999999999,674.721,4109.0,410.022,-0.187,0
20993361104.0,0.09699999999999999,-17.038,-1.2329999999999999,828.7439999999999,4347.0,401.12,0.722,0
21175218360.0,0.092,-14.962,-1.2329999999999999,981.507,4582.0,400.275,2.459,0
21357075616.0,0.079,-14.600999999999999,-1.2329999999999999,1078.0,4798.0,407.475,2.032,0
21538932871.0,0.077,-13.503,-1.2329999999999999,1089.0,4946.0,428.517,2.129,0
21727344749.0,0.076,-16.401,-1.2329999999999999,1125.0,5128.0,411.195,2.218,0
21962887480.0,0.588,-16.713,-1.234,1139.0,5308.0,404.50300000000004,2.32,0
22176580171.0,0.583,-10.814,-1.234,1157.0,5490.0,401.439,2.355,0
22374835332.0,0.581,-12.669,-1.234,1199.0,5657.0,390.912,2.371,0
22573090494.0,0.58,-13.757,-1.234,1284.0,5791.0,377.415,1.929,0
22771345656.0,0.581,-13.222999999999999,-1.234,1375.0,5910.0,379.119,1.7990000000000002,0
22969600817.0,0.578,-13.974,-1.235,1446.0,6000.0,384.11800000000005,2.461,0
23167855979.0,0.5760000000000001,-15.627,-1.235,1527.0,6113.0,377.69800000000004,2.533,0
23366111141.0,0.5720000000000001,-12.01,-1.235,1634.0,6260.0,367.30400000000003,2.197,0
23564366302.0,0.5670000000000001,-13.179,-1.235,1802.0,6460.0,345.87800000000004,2.307,0
23762621464.0,0.564,-14.817,-1.236,2104.0,6779.0,315.801,3.4189999999999996,0
23960876626.0,0.562,-13.792,-1.236,2313.0,7060.0,322.45599999999996,4.2010000000000005,0
24159131788.0,0.561,-15.072000000000001,-1.236,2429.0,7293.0,328.31300000000005,4.379,0
24357386949.0,0.56,-12.815999999999999,-1.236,2491.0,7477.0,339.094,4.386,0
24556717513.0,0.557,-12.557,-1.237,2439.0,7541.0,364.531,4.3260000000000005,0
24758578940.0,0.055,-13.724,-1.237,2293.0,7568.0,362.28,4.251,0
24954869663.0,0.059000000000000004,-13.841,-1.237,2159.0,7593.0,359.38800000000003,4.669,0
25151160386.0,0.062,-11.311,-1.238,2005.0,7614.0,362.54400000000004,4.618,0
25347451108.0,0.06,-14.58,-1.238,1785.0,7576.0,378.689,4.16,0
25543741831.0,0.07,-10.427,-1.238,1540.0,7484.0,402.084,3.983,0
25740032554.0,0.07,-13.845,-1.238,1286.0,7395.0,393.788,4.441,0
25936323277.0,0.07,-13.117,-1.239,1058.0,7297.0,386.265,4.232,0
26132613999.0,0.07,-12.911,-1.239,874.2819999999999,7186.0,379.45099999999996,4.192,0
26328904722.0,0.08199999999999999,-10.597000000000001,-1.239,760.7810000000001,7062.0,384.702,4.071000000000001,0
26525195445.0,0.078,-13.604000000000001,-1.239,739.293,6928.0,388.404,4.7989999999999995,0
26721486168.0,0.08,-11.579,-1.24,705.784,6788.0,382.291,4.548,0
26917776890.0,0.073,-12.182,-1.24,688.346,6637.0,383.996,4.643,0
27114067613.0,0.073,-11.405,-1.24,671.068,6508.0,382.80199999999996,4.934,0
27316302775.0,0.069,-13.222000000000001,-1.24,639.8919999999999,6422.0,367.289,4.901,0
27507960539.0,0.069,-9.744,-1.2409999999999999,551.298,6366.0,355.716,4.718999999999999,0
27699618302.0,0.07,-11.097999999999999,-1.2409999999999999,515.987,6307.0,349.089,4.586,0
27891276066.0,0.07,-12.544,-1.2409999999999999,486.88699999999994,6259.0,351.284,4.242,0
28082933829.0,0.07,-9.852,-1.2409999999999999,457.30300000000005,6197.0,352.79400000000004,4.231,0
28274591592.0,0.066,-11.880999999999998,-1.2409999999999999,443.724,6148.0,352.906,4.42,0
28466249356.0,0.069,-9.423,-1.2409999999999999,452.86699999999996,6105.0,344.899,4.18,0
28657907119.0,0.069,-11.265999999999998,-1.2409999999999999,468.411,6016.0,337.866,3.613,0
28849564883.0,0.075,-11.155,-1.242,468.457,5906.0,341.339,3.758,0
29041222646.0,0.063,-10.36,-1.242,493.79699999999997,5833.0,329.102,3.5189999999999997,0
29232880409.0,0.062,-10.218,-1.242,533.534,5747.0,324.34,3.5210000000000004,0
29424538173.0,0.066,-10.875,-1.242,559.815,5648.0,327.819,3.1830000000000003,0
29616195936.0,0.065,-13.107999999999999,-1.242,534.567,5541.0,325.84,3.135,0
29841062634.0,0.07,-11.764000000000001,-1.242,506.24300000000005,5385.0,336.991,3.6689999999999996,0
30064050295.0,0.073,-10.349,-1.242,483.767,5179.0,342.284,3.949,0
30284872743.0,0.071,-11.842,-1.242,476.847,4967.0,344.945,3.653,0
30505695191.0,0.07200000000000001,-10.2,-1.242,484.88699999999994,4739.0,343.176,3.964,0
30726517639.0,0.077,-10.675999999999998,-1.242,487.25,4500.0,349.881,4.117,0
30947340087.0,0.078,-9.158999999999999,-1.2429999999999999,488.851,4283.0,365.791,4.146,0
31168162535.0,0.083,-8.269,-1.2429999999999999,490.399,4109.0,366.689,3.9410000000000003,0
31388984983.0,0.08800000000000001,-9.629,-1.2429999999999999,520.148,3992.0,394.94,3.781,0
31609807431.0,0.08900000000000001,-6.857,-1.242,617.564,3900.0,428.535,3.628,0
31830629879.0,0.076,-6.888,-1.242,625.7669999999999,3814.0,397.306,3.972,0
32051452326.0,0.076,-8.838,-1.242,626.727,3725.0,386.82,3.366,0
32272274774.0,0.079,-8.357999999999999,-1.242,633.681,3683.0,384.374,4.375,0
32486214267.0,0.08199999999999999,-5.978,-1.242,658.434,3634.0,397.121,4.213,0
32662067865.0,0.08199999999999999,-5.49,-1.242,646.854,3566.0,381.05199999999996,4.078,0
32844905202.0,0.081,-6.1160000000000005,-1.242,642.101,3429.0,378.64599999999996,3.6210000000000004,0
33027742539.0,0.08199999999999999,-5.689,-1.2409999999999999,624.711,3317.0,365.837,3.8760000000000003,0
33210579875.0,0.083,-6.763,-1.2409999999999999,609.173,3235.0,351.592,3.543,0
33393417212.0,0.08199999999999999,-5.05,-1.2409999999999999,607.107,3141.0,356.53,3.41,0
33576254548.0,0.08199999999999999,-6.27,-1.2409999999999999,606.775,3043.0,358.505,3.324,0
33759091885.0,0.08199999999999999,-7.166,-1.24,611.309,2918.0,374.92400000000004,3.199,0
33941929221.0,0.077,-6.571000000000001,-1.24,626.0790000000001,2766.0,383.251,3.2030000000000003,0
34124766558.0,0.07200000000000001,-5.85,-1.24,627.469,2628.0,371.775,3.0269999999999997,0
34307603894.0,0.069,-5.825,-1.239,627.503,2493.0,370.75199999999995,2.975,0
34490441231.0,0.071,-6.7,-1.239,618.769,2365.0,369.434,3.965,0
34672643113.0,0.078,-5.242000000000001,-1.238,604.309,2261.0,378.702,4.155,0
34815658663.0,0.077,-2.596,-1.238,591.429,2174.0,377.846,4.397,0
34958674212.0,0.079,-4.898,-1.237,551.123,2089.0,379.647,5.242999999999999,0
35101624748.0,0.08,-4.168,-1.237,493.009,2005.0,381.31699999999995,5.629,0
35241389629.0,0.1,-3.7689999999999997,-1.236,436.478,1907.0,378.7,5.787999999999999,0
35381154511.0,0.10300000000000001,-3.594,-1.236,366.967,1800.0,374.17,6.0120000000000005,0
35520919393.0,0.102,-5.063,-1.235,323.785,1697.0,372.93300000000005,7.888,0
35660684275.0,0.096,-3.8160000000000003,-1.234,290.008,1590.0,374.93800000000005,9.572000000000001,0
35800449157.0,0.096,-3.4819999999999998,-1.234,259.55400000000003,1505.0,375.025,9.679,0
35940214039.0,0.09699999999999999,-3.54,-1.2329999999999999,225.12099999999998,1425.0,368.94699999999995,9.386000000000001,0
36079978921.0,0.09699999999999999,-4.735,-1.232,220.326,1317.0,352.726,9.389,0
36219743803.0,0.09699999999999999,-5.562,-1.2309999999999999,241.02200000000002,1221.0,349.289,9.259,0
36359508685.0,0.098,-3.051,-1.23,257.371,1128.0,351.87199999999996,9.051,0
36495146442.0,0.09699999999999999,-5.029,-1.229,263.137,1024.0,350.835,9.058,0
36608232410.0,0.09699999999999999,-2.9560000000000004,-1.228,180.72799999999998,915.587,347.5,8.783,0
36721318378.0,0.095,-3.898,-1.228,173.66099999999997,806.694,348.199,8.761000000000001,0
36834404347.0,0.09,-3.937,-1.227,179.269,710.6669999999999,347.166,8.691,0
36947490315.0,0.095,-3.33,-1.226,205.05700000000002,641.702,335.16900000000004,8.874,0
37055612820.0,0.096,-3.355,-1.225,231.91099999999997,610.994,323.149,8.627,0
37162589911.0,0.099,-2.862,-1.224,306.46,628.4019999999999,312.66200000000003,8.593,0
37269567002.0,0.102,-2.873,-1.222,374.839,640.243,312.341,7.656000000000001,0
37376544093.0,0.099,-2.4459999999999997,-1.2209999999999999,412.94,644.9159999999999,324.71299999999997,7.53,0
37483521184.0,0.1,-3.156,-1.22,450.281,649.515,323.943,7.457000000000001,0
37590498275.0,0.10099999999999999,-1.34,-1.219,478.32,642.769,328.083,5.1770000000000005,0
37697475366.0,0.1,-3.259,-1.218,496.462,605.2090000000001,332.744,4.966,0
37797897835.0,0.10800000000000001,-2.8139999999999996,-1.217,505.42699999999996,590.27,329.18800000000005,6.645,0
37851189450.0,0.126,-1.268,-1.215,514.085,588.935,319.032,6.65,0
37904481065.0,0.145,-1.743,-1.214,526.496,585.2230000000001,323.135,6.718,0
37957772681.0,0.141,-1.42,-1.213,543.349,592.431,318.737,6.83,0
38011064296.0,0.14800000000000002,-1.3019999999999998,-1.2109999999999999,562.789,609.156,315.441,6.688,0
38064355912.0,0.14800000000000002,-2.112,-1.21,559.005,624.732,314.822,6.371,0
38120785986.0,0.147,-1.474,-1.209,553.8,639.299,311.944,6.492000000000001,0
38187225198.0,0.14,-1.561,-1.207,532.881,655.3839999999999,312.724,6.257000000000001,0
38253664410.0,0.159,-1.538,-1.206,492.656,671.735,315.626,6.787000000000001,0
38320103622.0,0.154,-1.3219999999999998,-1.204,452.311,689.3430000000001,314.346,6.442,0
38386542834.0,0.155,-0.847,-1.203,433.44300000000004,701.635,303.591,5.711,0
38452982046.0,0.179,-1.046,-1.2009999999999998,486.961,760.945,274.82,5.159,0
38519421258.0,0.183,-0.9420000000000001,-1.2,522.634,828.296,272.07599999999996,5.072,0
38585860470.0,0.182,-1.6980000000000002,-1.198,521.194,892.443,276.10400000000004,5.09,0
38651224281.0,0.18,-2.5810000000000004,-1.197,489.971,938.497,287.178,4.702,0
38713873980.0,0.175,-1.3840000000000001,-1.195,488.89099999999996,983.158,287.54200000000003,4.208,0
38776523680.0,0.161,-1.5130000000000001,-1.194,493.981,1033.0,283.79400000000004,3.548,0
38839173380.0,0.156,-1.795,-1.192,491.022,1085.0,280.21,3.227,0
38901823080.0,0.152,-2.065,-1.1909999999999998,495.901,1139.0,273.14599999999996,3.8289999999999997,0
38970206391.0,0.327,-2.343,-1.189,506.68699999999995,1175.0,269.036,3.975,0
39069863947.0,0.32899999999999996,-3.005,-1.187,603.768,1276.0,239.44099999999997,4.086,0
39169521503.0,0.32299999999999995,-3.2289999999999996,-1.186,908.2539999999999,1496.0,197.577,4.4,1
39269179059.0,0.299,-2.9810000000000003,-1.1840000000000002,1147.0,1687.0,205.937,4.265,1
39368836615.0,0.28800000000000003,-3.503,-1.183,1346.0,1848.0,211.75599999999997,4.4430000000000005,1
39468494171.0,0.27699999999999997,-2.7510000000000003,-1.182,1599.0,2031.0,200.604,4.155,1
39568151727.0,0.27899999999999997,-3.022,-1.18,1796.0,2196.0,205.929,4.197,1
39667809283.0,0.27899999999999997,-3.924,-1.179,1908.0,2335.0,211.824,4.157,1
39767466839.0,0.273,-3.0060000000000002,-1.177,2000.0,2472.0,210.64,3.8280000000000003,1
39860034659.0,0.273,-2.405,-1.176,2033.0,2606.0,214.636,5.9239999999999995,1
39948768234.0,0.275,-2.6210000000000004,-1.175,1963.0,2702.0,232.31099999999998,6.247000000000001,1
40037501810.0,0.275,-2.495,-1.173,1892.0,2804.0,229.752,6.29,1
40126235385.0,0.27699999999999997,-1.44,-1.172,1825.0,2886.0,237.146,6.42,0
40214968961.0,0.272,-2.762,-1.171,1712.0,2943.0,248.51,6.41,0
40303702536.0,0.092,-1.263,-1.169,1616.0,2954.0,281.323,5.022,0
40381166004.0,0.087,-1.911,-1.168,1512.0,2992.0,261.244,5.457999999999999,0
40439913045.0,0.11,-1.609,-1.166,1405.0,3043.0,252.78799999999998,5.324,0
40498660085.0,0.11800000000000001,-2.108,-1.165,1316.0,3126.0,232.4,4.723,0
40557407125.0,0.122,-1.806,-1.1640000000000001,1210.0,3211.0,232.47099999999998,5.075,0
40616154166.0,0.13,-1.139,-1.162,1083.0,3303.0,227.90900000000002,4.739,1
40674901206.0,0.138,-2.525,-1.161,958.561,3412.0,218.482,4.588,1
40733648246.0,0.14,-1.454,-1.159,850.362,3501.0,226.795,4.381,1
40759186353.0,0.127,-1.102,-1.158,815.7189999999999,3566.0,236.83,3.853,1
40777733104.0,0.13,-1.9769999999999999,-1.156,790.905,3645.0,225.308,3.56,1
40796279856.0,0.131,-1.396,-1.1540000000000001,754.36,3726.0,222.44799999999998,3.8939999999999997,1
40814826607.0,0.129,-1.726,-1.153,680.3389999999999,3809.0,219.93599999999998,3.58,1
40833373359.0,0.13,-2.07,-1.151,590.674,3871.0,225.863,3.342,1
40851920110.0,0.121,-1.804,-1.15,506.413,3913.0,224.9,3.3939999999999997,1
40883645090.0,0.08,-1.4580000000000002,-1.148,428.735,3957.0,220.946,3.325,1
40937553420.0,0.084,-3.075,-1.147,367.727,3954.0,218.176,3.2560000000000002,1
40991461750.0,0.084,-3.036,-1.145,311.134,3856.0,220.585,3.383,1
41045370080.0,0.094,-3.016,-1.143,306.789,3828.0,219.338,2.779,1
41099278410.0,0.11699999999999999,-1.754,-1.1420000000000001,280.074,3795.0,231.69099999999997,3.4219999999999997,1
41153186741.0,0.115,-2.182,-1.14,275.858,3741.0,246.158,2.526,0
41207095071.0,0.111,-2.0180000000000002,-1.138,281.153,3652.0,250.235,2.695,0
41260249760.0,0.109,-2.282,-1.137,252.722,3609.0,234.532,2.7430000000000003,1
41306420712.0,0.111,-2.05,-1.135,233.205,3560.0,238.71,2.6489999999999996,0
41352591663.0,0.107,-1.702,-1.133,221.049,3529.0,239.52900000000002,2.657,0
41398762614.0,0.10400000000000001,-1.6540000000000001,-1.131,204.84799999999998,3518.0,237.832,2.7439999999999998,0
41444933566.0,0.085,-1.995,-1.13,194.858,3490.0,242.99099999999999,2.557,0
41491104517.0,0.071,-1.587,-1.128,197.56900000000002,3456.0,244.115,2.489,0
41537439484.0,0.076,-1.9780000000000002,-1.126,197.81400000000002,3391.0,241.202,2.468,0
41608376661.0,0.077,-1.9269999999999998,-1.124,197.725,3309.0,236.11900000000003,2.479,1
41679313839.0,0.08199999999999999,-2.215,-1.122,192.051,3245.0,238.067,2.056,1
41750251017.0,0.081,-2.022,-1.12,118.37,3179.0,237.00599999999997,2.199,1
41821188194.0,0.08,-2.039,-1.1179999999999999,92.184,3112.0,235.97299999999998,0.705,1
41892125372.0,0.063,-2.3369999999999997,-1.1159999999999999,89.1,3010.0,250.34799999999998,0.608,0
41963062550.0,0.063,-2.126,-1.114,102.169,2905.0,252.709,0.546,0
42033999727.0,0.064,-1.5190000000000001,-1.112,112.836,2792.0,251.47799999999998,-0.361,0
42105001918.0,0.064,-2.041,-1.11,137.611,2667.0,262.486,-0.469,0
42179189763.0,0.059000000000000004,-1.554,-1.1079999999999999,179.13,2544.0,275.36400000000003,-0.8290000000000001,0
42253377608.0,0.06,-2.211,-1.1059999999999999,231.523,2429.0,278.934,-0.369,0
42327565453.0,0.061,-1.926,-1.103,263.938,2314.0,270.497,-2.5860000000000003,0
42401753298.0,0.068,-1.285,-1.101,290.883,2191.0,272.846,-3.782,0
42475941143.0,0.067,-1.635,-1.099,310.033,2067.0,273.282,-4.506,0
42551769910.0,0.063,-2.275,-1.0959999999999999,323.296,1953.0,275.22700000000003,-7.08,0
42634215295.0,0.066,-1.507,-1.094,353.48900000000003,1874.0,281.962,-7.226,0
42716660680.0,0.061,-0.583,-1.091,406.06199999999995,1806.0,293.828,-7.261,0
42799106065.0,0.061,-1.8769999999999998,-1.088,440.962,1732.0,293.97,-6.8870000000000005,0
42881551451.0,0.061,-1.214,-1.0859999999999999,458.527,1660.0,294.297,-7.237,0
42963996836.0,0.061,-1.212,-1.083,461.251,1591.0,291.01,-6.966,0
43046442221.0,0.061,-1.6059999999999999,-1.08,435.184,1515.0,283.365,-6.9670000000000005,0
43128887607.0,0.071,-1.1079999999999999,-1.077,429.608,1441.0,283.89599999999996,-6.937,0
43211332992.0,0.073,-1.44,-1.074,451.87199999999996,1391.0,290.818,-6.886,0
43298741840.0,0.076,-0.98,-1.071,470.221,1358.0,288.825,-6.8660000000000005,0
43387296103.0,0.075,-0.6940000000000001,-1.068,445.162,1330.0,273.617,-6.803,0
43475850366.0,0.08199999999999999,-1.781,-1.065,424.619,1301.0,257.124,-6.518,0
43564404628.0,0.086,-1.165,-1.062,403.166,1255.0,260.716,-6.38,0
43652958891.0,0.08900000000000001,-1.013,-1.058,378.152,1209.0,259.368,-6.4879999999999995,0
43741402042.0,0.084,-2.147,-1.055,360.222,1156.0,261.797,-4.04,0
43822067357.0,0.092,-1.1520000000000001,-1.052,342.161,1095.0,267.21299999999997,-3.6060000000000003,0
43902732672.0,0.10400000000000001,-1.325,-1.048,322.848,1037.0,256.186,-5.5,0
43983397986.0,0.10400000000000001,-1.335,-1.045,306.863,995.317,244.675,-5.41,1
44064063301.0,0.10300000000000001,-1.671,-1.042,288.534,945.2560000000001,248.965,-5.394,0
44144728616.0,0.109,-1.119,-1.038,269.903,900.553,247.396,-5.341,0
44225393931.0,0.113,-1.715,-1.035,243.483,858.857,251.271,-5.405,0
44306059246.0,0.113,-1.214,-1.031,251.12400000000002,817.6560000000001,245.128,-4.788,1
44383586102.0,0.113,-1.37,-1.028,261.515,779.168,245.12900000000002,-5.354,1
44451103820.0,0.113,-1.046,-1.024,270.112,738.4989999999999,245.298,-5.242000000000001,1
44518621538.0,0.127,-1.5730000000000002,-1.021,290.753,692.925,243.148,-5.528,1
44586139256.0,0.12,-0.937,-1.0170000000000001,302.069,647.428,248.23,-5.447,1
44653656975.0,0.11199999999999999,-1.149,-1.014,303.635,615.298,253.57,-5.15,1
44721174693.0,0.11199999999999999,-0.833,-1.01,309.411,608.178,252.68900000000002,-5.305,1
44813891168.0,0.111,-0.5660000000000001,-1.006,311.719,602.683,255.00099999999998,-5.289,1
44911729342.0,0.11800000000000001,-1.091,-1.003,311.543,595.298,257.67,-5.282,1
45009567516.0,0.109,-0.496,-0.9990000000000001,312.332,578.9590000000001,253.05900000000003,-4.694,1
45107405691.0,0.124,-1.3880000000000001,-0.995,309.061,561.729,248.46599999999998,-3.923,1
45205243865.0,0.146,-0.8740000000000001,-0.991,287.77099999999996,547.4590000000001,243.593,-4.011,1
45303082039.0,0.205,-0.861,-0.988,267.8,536.377,237.873,-3.742,1
45400920213.0,0.195,-1.271,-0.9840000000000001,242.795,530.004,235.894,-3.903,1
45493024776.0,0.183,-0.8029999999999999,-0.98,218.15099999999998,525.536,235.993,-3.843,1
45553855094.0,0.182,-0.038,-0.976,208.611,527.188,232.263,-4.0889999999999995,1
45614685412.0,0.183,-0.18,-0.973,213.454,508.485,220.02599999999998,-3.9160000000000004,1
45675515730.0,0.182,-0.408,-0.9690000000000001,190.37599999999998,497.541,220.804,-3.3689999999999998,1
45736346048.0,0.179,0.084,-0.965,152.924,488.50300000000004,226.535,-3.3989999999999996,1
45797176366.0,0.17600000000000002,-0.109,-0.9620000000000001,145.97299999999998,470.425,224.203,-3.326,1
45858006684.0,0.175,-0.025,-0.958,158.922,458.334,222.465,-3.32,1
45912506567.0,0.18100000000000002,0.09300000000000001,-0.9540000000000001,163.394,450.371,224.044,-3.363,1
45952938817.0,0.18100000000000002,0.19399999999999998,-0.951,166.753,441.54,223.80900000000003,-3.292,1
45993371066.0,0.18100000000000002,-0.5760000000000001,-0.9470000000000001,161.804,434.676,225.98,-5.156000000000001,1
46033803316.0,0.18100000000000002,0.23600000000000002,-0.943,139.319,433.76,235.296,-5.1579999999999995,1
46074235566.0,0.172,-0.278,-0.9390000000000001,131.345,432.163,234.356,-5.037,1
46114667815.0,0.08900000000000001,-0.379,-0.9359999999999999,132.278,433.79900000000004,231.602,-4.761,1
46155100065.0,1.008,-0.07400000000000001,-0.932,132.22,437.838,228.42,-4.7780000000000005,1
46195532314.0,1.011,-1.081,-0.9279999999999999,141.243,433.657,218.799,-3.6689999999999996,1
46247234671.0,1.01,-0.978,-0.924,142.664,438.43800000000005,221.019,-3.687,1
46317653455.0,1.011,-0.8109999999999999,-0.92,143.534,442.626,225.576,-3.245,1
46388072240.0,1.01,-0.601,-0.9159999999999999,143.858,445.407,225.106,-3.1010000000000004,1
46458491025.0,1.0070000000000001,-0.03,-0.9129999999999999,140.531,445.68699999999995,231.562,-3.1510000000000002,1
46528909809.0,1.011,-0.5589999999999999,-0.909,138.014,443.392,235.075,-2.8280000000000003,1
46599328594.0,1.01,0.057999999999999996,-0.905,131.332,436.466,234.385,-2.59,1
46669840523.0,1.011,-0.46299999999999997,-0.9009999999999999,119.20299999999999,432.783,239.50099999999998,-2.376,1
46740624125.0,1.01,-0.161,-0.897,108.09700000000001,432.215,240.104,-2.303,1
46811407726.0,1.0090000000000001,-0.228,-0.893,91.696,428.587,235.56400000000002,-2.362,1
46882191327.0,1.01,-0.23399999999999999,-0.889,69.831,423.733,234.61900000000003,-2.46,1
46952974929.0,1.011,-0.564,-0.885,53.917,418.134,232.19799999999998,-2.488,1
47023758530.0,1.013,0.005,-0.88,46.302,413.784,240.03900000000002,-2.199,1
47094542132.0,0.1,-0.085,-0.8759999999999999,45.503,408.592,242.641,-2.077,1
47152147505.0,0.099,-0.287,-0.872,47.61,401.333,241.37,-1.902,1
47187569528.0,0.098,0.48200000000000004,-0.868,50.563,392.23800000000006,241.467,-1.704,1
47222991551.0,0.098,-0.247,-0.863,53.431999999999995,384.525,241.493,-1.736,1
47258413573.0,0.085,0.586,-0.8590000000000001,57.446999999999996,375.829,242.205,-1.5330000000000001,1
47293835596.0,0.079,-0.361,-0.855,53.723,374.374,236.365,-1.311,1
47329257619.0,0.076,-0.501,-0.85,50.277,375.63,237.222,-1.439,1
47364679642.0,0.07400000000000001,-0.457,-0.846,49.67100000000001,376.904,236.928,-1.671,1
47406606647.0,0.08800000000000001,0.01,-0.841,47.583999999999996,376.287,236.81599999999997,-1.6369999999999998,1
47454962994.0,0.08199999999999999,-0.171,-0.8370000000000001,43.817,376.89,236.105,-1.517,1
47503319342.0,0.09,-0.664,-0.8320000000000001,40.664,378.56699999999995,232.979,-1.629,1
47551675690.0,0.08900000000000001,-0.067,-0.828,37.150999999999996,379.80400000000003,233.25599999999997,-1.526,1
47600032037.0,0.08900000000000001,-0.214,-0.823,34.791,381.32199999999995,235.065,-1.2229999999999999,0
47648388385.0,0.08900000000000001,-0.38799999999999996,-0.8190000000000001,34.969,382.425,237.015,-0.875,0
47696580718.0,0.092,-0.72,-0.8140000000000001,35.894,382.61,240.003,-1.107,0
47720170839.0,0.086,0.43,-0.81,36.32,381.81800000000004,239.85299999999998,-1.199,0
47743760960.0,0.086,-0.157,-0.805,35.135999999999996,381.704,238.622,-1.14,0
47767351082.0,0.098,-0.20199999999999999,-0.8,25.656,381.62,237.372,-1.2209999999999999,0
47790941203.0,0.10099999999999999,-0.094,-0.7959999999999999,17.889,381.265,237.44299999999998,-1.258,0
47814531325.0,0.10300000000000001,-0.276,-0.7909999999999999,13.702,382.349,237.222,-1.3319999999999999,0
47838121446.0,0.10400000000000001,-0.162,-0.7859999999999999,8.843,383.24300000000005,236.889,-1.3030000000000002,0
47861711568.0,0.109,-0.07,-0.782,8.03,384.88300000000004,234.263,-1.294,0
47882284379.0,0.325,-0.652,-0.777,8.722000000000001,384.55,232.298,-1.466,0
47892342321.0,0.332,-0.753,-0.772,11.751,379.345,227.30200000000002,-1.141,1
47902400264.0,0.332,-0.159,-0.768,16.87,372.42900000000003,224.22099999999998,-1.824,1
47912458207.0,0.32799999999999996,-0.7140000000000001,-0.763,19.932000000000002,369.499,226.123,-1.55,1
47922516149.0,0.319,-0.5770000000000001,-0.758,23.625,364.944,225.46200000000002,-1.903,1
47932574092.0,0.318,-0.653,-0.753,27.631999999999998,359.897,224.648,-1.2919999999999998,1
47940991113.0,0.33399999999999996,-0.319,-0.7490000000000001,30.781,352.728,225.153,1.67,1
47942791515.0,0.337,-0.7759999999999999,-0.7440000000000001,33.366,339.707,224.86599999999999,2.031,1
47944591918.0,0.337,-0.795,-0.7390000000000001,33.522,313.383,226.03599999999997,2.385,1
47946392320.0,0.337,-0.5920000000000001,-0.7340000000000001,32.398,284.719,229.47400000000002,2.261,1
47948192722.0,0.337,-0.349,-0.7290000000000001,30.965999999999998,254.695,229.253,2.738,1
47949993124.0,0.337,-1.226,-0.725,29.061,227.35,229.8,2.782,1
47951793527.0,0.336,-0.26899999999999996,-0.72,26.29,207.054,230.56900000000002,2.812,1
47953593929.0,0.33899999999999997,-0.519,-0.715,25.895,185.49400000000003,230.832,2.873,1
47972444022.0,0.153,-0.782,-0.71,25.159000000000002,155.311,233.55700000000002,2.818,1
47997608815.0,0.12300000000000001,-0.5429999999999999,-0.705,24.813000000000002,126.499,235.62599999999998,2.755,0
48022773609.0,0.16699999999999998,-0.9420000000000001,-0.701,27.134,112.12899999999999,241.81599999999997,3.0060000000000002,0
48047938402.0,0.177,0.466,-0.696,37.765,109.789,250.86700000000002,3.045,0
48073103196.0,0.21,-0.225,-0.691,45.383,104.978,248.304,2.839,0
48098267989.0,0.244,-0.5720000000000001,-0.6859999999999999,51.702,100.61399999999999,247.452,3.799,0
48123543894.0,0.222,-0.5529999999999999,-0.6809999999999999,54.341,94.08200000000001,243.00099999999998,3.952,0
48156597635.0,0.204,-0.40399999999999997,-0.6759999999999999,56.856,84.141,243.39,3.6189999999999998,0
48189651377.0,0.22,-0.149,-0.6709999999999999,59.983000000000004,80.722,245.632,3.8310000000000004,0
48222705118.0,0.215,-0.17,-0.6659999999999999,62.655,80.786,245.012,3.72,0
48255758859.0,0.223,-0.083,-0.6609999999999999,64.51899999999999,79.528,243.21400000000003,3.694,0
48288812600.0,0.23,-0.27899999999999997,-0.6559999999999999,66.21600000000001,78.577,242.511,3.437,0
48321866342.0,0.233,-0.11599999999999999,-0.6509999999999999,67.952,76.51,242.731,3.5010000000000003,0
48354920083.0,0.22399999999999998,-0.325,-0.6459999999999999,71.865,76.782,246.389,3.343,0
48385731397.0,0.22399999999999998,-0.083,-0.6409999999999999,78.327,77.943,249.74,3.8360000000000003,0
48415558789.0,0.22399999999999998,-0.009000000000000001,-0.635,87.384,80.128,252.903,3.5660000000000003,0
48445386181.0,0.257,0.222,-0.63,108.338,87.307,262.642,3.6489999999999996,0
48475213573.0,0.259,-0.5660000000000001,-0.625,120.38,91.943,260.055,3.862,0
48505040965.0,0.251,0.392,-0.62,124.00299999999999,93.631,257.569,3.98,0
48534868357.0,0.23,-0.136,-0.614,125.585,94.978,256.101,3.721,0
48539496992.0,0.22899999999999998,0.036000000000000004,-0.609,126.10799999999999,96.178,257.741,3.7510000000000003,0
48539003928.0,0.22399999999999998,0.14400000000000002,-0.604,131.47299999999998,99.883,264.51,3.7,0
48538510864.0,0.237,0.35200000000000004,-0.598,145.64,110.64299999999999,271.941,3.7889999999999997,0
48538017800.0,0.43799999999999994,0.066,-0.593,147.816,119.594,267.655,3.495,0
48537524736.0,0.532,0.573,-0.5870000000000001,148.892,130.006,268.562,3.7880000000000003,0
48537031672.0,0.578,-0.20199999999999999,-0.581,152.738,141.634,269.981,3.543,0
48536538608.0,0.5710000000000001,0.826,-0.5760000000000001,171.517,162.326,281.268,3.762,0
48538810989.0,0.5710000000000001,0.628,-0.57,207.87,193.18400000000003,291.38599999999997,3.597,0
48556921830.0,0.5870000000000001,0.135,-0.564,273.849,239.49599999999998,304.274,3.218,0
48575032670.0,0.5589999999999999,1.0170000000000001,-0.5579999999999999,299.133,266.953,293.763,3.242,0
48593143510.0,0.5589999999999999,0.6890000000000001,-0.552,312.91,289.486,290.26099999999997,2.735,0
48611254350.0,0.5529999999999999,0.664,-0.545,323.186,313.16700000000003,290.258,2.753,0
48629365190.0,0.537,0.377,-0.539,324.086,327.20799999999997,282.262,3.114,0
48647476030.0,0.523,0.414,-0.5329999999999999,326.199,335.53,277.177,3.3089999999999997,0
48671917306.0,0.47700000000000004,0.34600000000000003,-0.527,324.533,344.051,277.466,3.272,0
48710426214.0,0.494,0.287,-0.521,318.068,349.907,274.834,3.157,0
48748935123.0,0.486,0.613,-0.515,304.525,356.958,276.116,3.155,0
48787444032.0,0.46,-0.09699999999999999,-0.509,290.788,368.19,278.551,2.987,0
48825952941.0,0.43799999999999994,0.7120000000000001,-0.502,276.684,377.32,276.546,-100.0,0
48864461850.0,0.409,0.126,-0.496,259.711,385.536,277.064,-100.0,0
48902970758.0,0.435,0.335,-0.49,240.735,396.18,282.72900000000004,-100.0,0
48947376624.0,0.446,0.518,-0.484,222.122,405.851,288.564,2.802,0
48999240405.0,0.359,0.46399999999999997,-0.478,201.588,417.76599999999996,290.788,2.61,0
49051104187.0,0.35600000000000004,0.34600000000000003,-0.47100000000000003,184.021,431.61,291.318,2.576,0
49102967968.0,0.35700000000000004,0.40299999999999997,-0.465,171.328,446.749,294.087,2.804,0
49154831750.0,0.381,0.5539999999999999,-0.45899999999999996,156.865,460.902,290.80400000000003,2.755,1
49206695531.0,0.4,0.044000000000000004,-0.45299999999999996,151.122,473.028,287.751,2.5380000000000003,1
49258559313.0,0.40700000000000003,0.507,-0.447,139.481,481.856,284.668,2.592,1
49310329949.0,0.359,0.134,-0.441,122.34,489.32599999999996,280.98,2.42,1
49361828914.0,0.35200000000000004,0.23800000000000002,-0.435,101.609,496.13599999999997,280.317,2.371,1
49413327879.0,0.33,0.249,-0.428,82.221,502.409,282.591,2.525,1
49464826844.0,0.35600000000000004,-0.235,-0.42200000000000004,71.345,508.38800000000003,283.586,1.963,1
49516325809.0,0.373,0.752,-0.41600000000000004,67.205,512.012,282.593,1.78,1
49567824773.0,0.39,0.124,-0.41100000000000003,59.506,516.2819999999999,279.10900000000004,1.121,1
49619323738.0,0.365,0.046,-0.405,52.843999999999994,520.453,278.091,0.9440000000000001,1
49673470040.0,0.358,0.327,-0.39899999999999997,50.667,521.502,272.54200000000003,0.371,1
49729652756.0,0.369,-0.294,-0.39299999999999996,64.378,519.881,263.32599999999996,1.9469999999999998,1
49785835471.0,0.377,0.276,-0.387,73.444,518.356,264.51599999999996,3.147,1
49842018187.0,0.38799999999999996,-0.304,-0.382,65.814,517.11,265.45799999999997,3.023,1
49898200902.0,0.37,-0.172,-0.377,66.023,513.96,267.668,2.659,1
49954383617.0,0.354,0.284,-0.371,70.92699999999999,510.245,264.053,2.533,1
50010566333.0,0.33299999999999996,0.10800000000000001,-0.366,73.564,506.344,264.837,2.405,1
50060244066.0,0.337,-0.139,-0.361,79.288,502.181,264.722,2.263,1
50103492457.0,0.33799999999999997,-0.003,-0.35600000000000004,91.085,496.985,258.969,1.983,1
50146740848.0,0.34,0.425,-0.35100000000000003,103.509,490.01300000000003,257.85400000000004,1.975,1
50189989238.0,0.297,-0.2,-0.34600000000000003,120.585,483.278,253.79,1.5319999999999998,1
50233237629.0,0.245,-0.162,-0.341,184.06599999999997,485.119,231.748,1.4809999999999999,1
50276486020.0,0.14800000000000002,-0.248,-0.337,239.392,487.264,232.887,1.083,1
50319734411.0,0.14800000000000002,0.392,-0.33299999999999996,289.422,490.401,233.452,1.026,1
50379733051.0,0.146,-0.7929999999999999,-0.32799999999999996,344.358,495.589,229.84799999999998,0.852,1
50440279085.0,0.135,-0.341,-0.324,391.469,500.593,229.287,0.7829999999999999,1
50500825120.0,0.135,-0.457,-0.321,450.837,511.974,219.892,0.6890000000000001,1
50561371154.0,0.14400000000000002,-0.596,-0.317,515.281,528.952,213.673,0.951,1
50621917188.0,0.115,-0.073,-0.314,533.321,535.94,225.24900000000002,0.856,1
50682463222.0,0.11800000000000001,-0.58,-0.311,534.61,542.479,225.623,0.9940000000000001,1
50743009257.0,0.11599999999999999,-0.257,-0.308,529.14,546.323,227.685,0.6759999999999999,1
50806572601.0,0.127,-0.384,-0.305,517.602,547.5840000000001,230.11700000000002,0.488,1
50880650814.0,0.133,-0.10400000000000001,-0.302,506.2,546.0790000000001,229.65900000000002,0.312,1
50954729027.0,0.13699999999999998,-0.466,-0.299,497.09,542.9540000000001,228.792,0.75,1
51028807240.0,0.129,-0.044000000000000004,-0.297,484.13699999999994,541.565,228.197,0.915,1
51102885453.0,0.384,-0.24600000000000002,-0.294,460.295,539.8290000000001,228.016,0.992,1
51176963666.0,0.386,-0.21899999999999997,-0.292,427.86300000000006,537.771,227.614,1.093,1
51269702760.0,0.381,-0.643,-0.29,389.524,535.143,229.058,1.043,1
51373792285.0,0.375,-0.162,-0.287,351.415,530.5790000000001,231.93400000000003,1.003,1
51477881811.0,0.376,-0.534,-0.285,308.117,523.071,239.717,0.6779999999999999,1
51581971336.0,0.377,-0.027999999999999997,-0.284,274.547,517.492,240.53,0.409,1
51686060862.0,0.377,-0.562,-0.282,256.715,510.72900000000004,243.394,0.34,1
51790150387.0,0.374,0.245,-0.28,235.416,505.31300000000005,240.46200000000002,0.205,1
51894239913.0,0.376,-0.368,-0.278,210.935,501.145,238.53900000000002,-0.053,1
51998329439.0,0.391,-0.591,-0.276,180.69299999999998,496.54,239.916,-0.094,1
52085369273.0,0.37799999999999995,-0.293,-0.275,155.564,494.27,238.114,-0.105,1
52166094408.0,0.358,-0.092,-0.273,127.329,495.884,232.61700000000002,-0.053,1
52246819542.0,0.35600000000000004,-0.305,-0.272,97.425,501.598,230.218,-0.284,1
52327544677.0,0.35100000000000003,-0.89,-0.271,76.012,509.653,230.15200000000002,-0.617,1
52408269811.0,0.17800000000000002,-0.679,-0.26899999999999996,54.966,518.0509999999999,228.705,-0.627,1
52493031169.0,0.177,-0.228,-0.268,38.547,524.948,230.68599999999998,-1.4780000000000002,1
52600175224.0,0.171,-0.368,-0.267,38.649,529.244,233.043,-1.6540000000000001,1
52707319278.0,0.17300000000000001,-0.5760000000000001,-0.266,38.56,534.443,231.588,-1.8159999999999998,1
52814463332.0,0.163,-0.7040000000000001,-0.265,38.385,540.606,230.94,-1.62,1
52921607386.0,0.174,-0.47100000000000003,-0.264,38.647,548.34,228.015,-1.5430000000000001,1
53028751440.0,0.175,-0.467,-0.264,38.729,555.0740000000001,228.68900000000002,-1.581,1
53135895495.0,0.183,-0.44299999999999995,-0.263,34.485,560.511,230.40400000000002,-1.876,1
53243039549.0,0.17800000000000002,-0.568,-0.262,23.678,564.9540000000001,232.239,-2.131,1
53350183603.0,0.14,-0.249,-0.262,22.41,568.795,235.295,-2.262,1
53459570084.0,0.121,-0.718,-0.261,20.929000000000002,573.807,234.051,-2.374,1
53569940488.0,0.135,-0.611,-0.261,20.104,579.404,233.40900000000002,-2.151,1
53680310891.0,0.122,-0.606,-0.26,20.432000000000002,582.774,237.125,-2.134,1
53790681294.0,0.127,-0.303,-0.259,20.775,586.001,237.937,-2.037,1
53901051698.0,0.126,-1.091,-0.259,20.442,589.731,236.86599999999999,-1.869,1
54018805955.0,0.129,-0.644,-0.259,19.758,593.4019999999999,236.899,-1.649,1
54145597167.0,0.132,-0.5660000000000001,-0.258,19.005,596.582,237.726,-2.019,1
54272388379.0,0.142,-0.5329999999999999,-0.258,18.016,598.43,238.38099999999997,-2.653,1
54399179592.0,0.171,-1.137,-0.257,17.502,597.643,238.794,-2.9360000000000004,1
54525970804.0,0.14,-0.491,-0.257,17.655,598.135,238.72400000000002,-3.02,1
54652762016.0,0.142,-1.0070000000000001,-0.257,19.082,596.893,243.136,-2.988,1
54779553229.0,0.14800000000000002,-0.527,-0.256,21.479,594.56,245.262,-2.9339999999999997,1
54906344441.0,0.155,-1.055,-0.256,21.646,586.664,243.701,-2.81,1
55030370208.0,0.157,-1.003,-0.256,23.041,570.794,243.62900000000002,-2.779,1
55138557516.0,0.161,-0.511,-0.255,25.443,540.986,244.579,-2.592,1
55246744825.0,0.172,-1.2590000000000001,-0.255,28.221,521.349,245.81099999999998,-2.8169999999999997,1
55354932133.0,0.171,-0.759,-0.254,31.826,504.287,246.638,-2.9819999999999998,1
55463119441.0,0.171,-0.9540000000000001,-0.254,35.363,486.70599999999996,247.40400000000002,-3.029,1
55571306749.0,0.17,-0.462,-0.254,40.604,475.131,251.28400000000002,-3.42,1
55679891013.0,0.163,-0.628,-0.253,47.976000000000006,466.977,254.488,-3.471,1
55788862782.0,0.168,-0.675,-0.252,59.58,459.457,259.868,-3.29,1
55897834550.0,0.172,-0.544,-0.252,85.34100000000001,456.585,269.135,-3.1430000000000002,1
56006806319.0,0.145,-0.57,-0.251,105.148,451.95300000000003,266.726,-3.284,1
56115778088.0,0.136,-0.222,-0.25,116.993,444.705,263.775,-3.5239999999999996,1
56224749856.0,0.198,-0.961,-0.249,130.959,439.95099999999996,267.214,0.0,1
56333721625.0,0.201,-0.193,-0.249,140.283,435.23,268.111,0.0,1
56442693394.0,0.203,-0.93,-0.248,152.774,428.35900000000004,271.908,0.0,1
56545768205.0,0.204,-0.355,-0.247,171.419,419.335,276.61,-3.9739999999999998,1
56641385101.0,0.195,-0.479,-0.245,193.485,410.3,279.731,-4.194,1
56737001997.0,0.168,-0.377,-0.244,235.731,408.608,289.505,-4.416,1
56832618893.0,0.174,-0.085,-0.243,258.478,399.81300000000005,284.408,-4.293,1
56928235789.0,0.17600000000000002,-0.7979999999999999,-0.24100000000000002,291.44,400.964,292.005,-4.2860000000000005,1
57023852685.0,0.185,-0.18600000000000003,-0.24,346.478,414.798,301.252,-4.689,1
57132374665.0,0.193,-0.256,-0.23800000000000002,418.92800000000005,441.63699999999994,309.563,-4.738,1
57243215527.0,0.193,0.17800000000000002,-0.23600000000000002,533.65,494.066,324.762,-5.185,1
57354056390.0,0.193,-0.268,-0.233,620.399,541.859,321.941,-5.269,1
57464897252.0,0.18,-0.33799999999999997,-0.231,673.8510000000001,579.078,316.35900000000004,-5.4639999999999995,1
57575738114.0,0.179,0.326,-0.22899999999999998,786.0060000000001,647.811,335.73800000000006,-4.6080000000000005,1
57686578976.0,0.153,0.07,-0.226,1151.0,833.2239999999999,384.145,-3.94,0
57797419839.0,0.245,1.02,-0.222,2053.0,1255.0,449.287,-3.18,0
57908260701.0,0.253,0.69,-0.21899999999999997,2438.0,1489.0,401.566,-2.983,0
58016454226.0,0.254,0.161,-0.215,2590.0,1637.0,372.194,-2.2319999999999998,1
58122611337.0,0.262,0.5920000000000001,-0.21100000000000002,2764.0,1815.0,383.625,-4.15,1
58228768449.0,0.256,0.285,-0.20600000000000002,2885.0,1986.0,382.2,-5.524,0
58334925561.0,0.23800000000000002,0.9009999999999999,-0.20199999999999999,2933.0,2134.0,374.93199999999996,-5.997999999999999,1
58441082672.0,0.23800000000000002,0.48700000000000004,-0.19699999999999998,2912.0,2256.0,365.764,-6.437,1
58568871981.0,0.252,-0.061,-0.192,2772.0,2289.0,315.768,-6.392,1
58714965456.0,0.264,0.078,-0.188,2630.0,2337.0,327.694,-6.683,1
58861058931.0,0.275,0.006999999999999999,-0.183,2497.0,2393.0,333.68300000000005,-6.492999999999999,1
59007152406.0,0.281,-0.049,-0.179,2363.0,2447.0,333.44800000000004,-6.447,1
59153245882.0,0.299,0.065,-0.174,2236.0,2492.0,328.106,-6.435,1
59299339357.0,0.302,0.12,-0.17,2136.0,2526.0,322.131,-4.841,1
59445432832.0,0.295,-0.027000000000000003,-0.166,2022.0,2565.0,334.50199999999995,-5.314,1
59591526307.0,0.19399999999999998,0.759,-0.161,1884.0,2601.0,333.66,-4.869,1
59737619782.0,0.156,-0.16899999999999998,-0.157,1751.0,2631.0,330.832,-4.553999999999999,1
59866963008.0,0.12300000000000001,0.5770000000000001,-0.153,1618.0,2642.0,319.889,-4.282,1
59995758840.0,0.142,0.579,-0.149,1492.0,2656.0,324.813,-4.287,1
60124554671.0,0.158,0.263,-0.145,1380.0,2658.0,324.123,-4.322,1
60253350503.0,0.142,0.627,-0.141,1276.0,2647.0,322.867,-4.515,1
60451185372.0,0.11800000000000001,-0.051,-0.13699999999999998,1207.0,2645.0,320.608,-4.413,1
60656364820.0,0.12300000000000001,0.21,-0.134,1115.0,2643.0,322.36400000000003,-4.49,1
60861544268.0,0.12300000000000001,0.39,-0.13,1035.0,2666.0,342.48400000000004,-3.537,1
61066723716.0,0.146,0.011000000000000001,-0.127,982.466,2710.0,355.977,-5.254,1
61271903164.0,0.146,0.546,-0.124,945.077,2748.0,354.843,-6.212999999999999,1
61477082612.0,0.14300000000000002,0.295,-0.121,937.176,2790.0,360.47900000000004,-6.648,1
61682262060.0,0.171,0.653,-0.11699999999999999,943.212,2857.0,376.27099999999996,-6.46,1
61887441508.0,0.174,0.175,-0.114,918.075,2901.0,367.19,-3.53,1
62092620956.0,0.18600000000000003,0.522,-0.111,911.867,2921.0,355.655,-3.312,1
62279139524.0,0.198,0.266,-0.10800000000000001,878.238,2948.0,361.925,-3.54,1
62454307659.0,0.196,0.617,-0.105,543.877,2971.0,359.977,-3.532,1
62629475794.0,0.17800000000000002,0.831,-0.102,469.546,3025.0,374.789,-3.7560000000000002,1
62806427186.0,0.153,0.24,-0.098,521.8580000000001,3115.0,393.69599999999997,-3.661,1
63052479769.0,0.166,0.33399999999999996,-0.095,550.587,3202.0,393.935,-3.5610000000000004,1
63298532352.0,0.157,0.563,-0.092,586.82,3284.0,395.33,-3.665,1
63544584935.0,0.16899999999999998,0.35200000000000004,-0.08900000000000001,723.1460000000001,3411.0,417.57599999999996,-2.8369999999999997,0
63790637517.0,0.16399999999999998,1.091,-0.086,858.664,3527.0,415.56199999999995,-2.8089999999999997,0
64036690100.0,0.228,0.366,-0.083,1024.0,3678.0,432.05800000000005,-2.7110000000000003,0
64282742683.0,0.22899999999999998,0.524,-0.08,1188.0,3811.0,432.019,-2.821,0
64528795266.0,0.20800000000000002,0.62,-0.077,1358.0,3942.0,435.76,-2.927,0
64774847848.0,0.207,1.092,-0.07400000000000001,1532.0,4078.0,441.485,-3.0980000000000003,0
65020900431.0,0.204,0.9790000000000001,-0.071,1749.0,4247.0,456.74199999999996,-2.717,0
65262916790.0,0.207,0.5670000000000001,-0.067,1908.0,4407.0,456.52099999999996,-2.805,0
65482550453.0,0.217,0.888,-0.064,2061.0,4554.0,455.108,-3.4139999999999997,0
65723878045.0,0.21,1.167,-0.061,2200.0,4700.0,459.385,-3.216,0
66102914929.0,0.193,0.44799999999999995,-0.057,2310.0,4841.0,462.587,-3.819,0
66481951813.0,0.187,0.5379999999999999,-0.054000000000000006,2293.0,4936.0,453.64099999999996,-3.989,0
66860988697.0,0.218,0.149,-0.051,2206.0,4977.0,437.468,-4.626,0
67240025581.0,0.214,0.48700000000000004,-0.048,2092.0,5014.0,439.04699999999997,-4.455,0
67619062465.0,0.21899999999999997,0.449,-0.046,1946.0,5050.0,440.85699999999997,-4.285,0
67998099349.0,0.175,0.129,-0.043,1792.0,5115.0,454.111,-4.24,0
68377136233.0,0.19399999999999998,1.04,-0.040999999999999995,1611.0,5167.0,454.51099999999997,-4.438,0
68756173117.0,0.217,0.242,-0.039,1455.0,5145.0,428.423,-4.196000000000001,0
69135210001.0,0.292,0.318,-0.036000000000000004,1339.0,5101.0,417.265,-4.364,0
69514246886.0,0.293,-0.17,-0.035,1210.0,5063.0,424.11300000000006,-4.412,0
69893283770.0,0.297,0.518,-0.033,1095.0,5016.0,425.095,-4.713,0
70264936800.0,0.303,0.35200000000000004,-0.031,1029.0,4967.0,428.98800000000006,-4.748,0
70691220345.0,0.306,-0.037000000000000005,-0.03,923.725,4905.0,425.418,-4.24,0
71169743864.0,0.332,0.081,-0.028999999999999998,762.238,4848.0,432.25800000000004,-3.445,0
71648267384.0,0.331,0.281,-0.027999999999999997,617.4169999999999,4785.0,433.24,-3.432,0
72126790904.0,0.341,0.019,-0.027000000000000003,452.20599999999996,4705.0,429.27099999999996,-3.4730000000000003,0
72605314424.0,0.307,0.361,-0.026000000000000002,341.23,4631.0,431.819,-3.293,0
73083837943.0,0.275,0.047,-0.026000000000000002,286.966,4555.0,432.241,-3.1830000000000003,0
73562361463.0,0.24600000000000002,-0.019,-0.025,230.86599999999999,4463.0,429.829,-3.98,0
74040884983.0,0.23199999999999998,0.353,-0.025,177.678,4392.0,447.94599999999997,-3.9560000000000004,0
74519408502.0,0.23199999999999998,-0.062,-0.025,172.49400000000003,4327.0,454.849,-4.276,0
74997932022.0,0.23199999999999998,0.195,-0.025,157.02,4245.0,449.909,-4.273,0
75476455542.0,0.207,0.265,-0.025,155.342,4146.0,444.408,-3.864,0
75954979062.0,0.209,0.077,-0.025,154.197,4044.0,447.17400000000004,-4.331,0
76433502581.0,0.21,0.015,-0.025,153.873,3939.0,445.538,-3.767,0
76982754963.0,0.223,-0.436,-0.026000000000000002,159.142,3811.0,428.51300000000003,-3.886,0
77565760234.0,0.23600000000000002,-0.071,-0.026000000000000002,153.67,3692.0,430.349,-3.9960000000000004,0
78148765504.0,0.272,-0.474,-0.027000000000000003,184.755,3568.0,403.973,-3.884,1
78731770774.0,0.28,-0.5529999999999999,-0.027999999999999997,316.759,3427.0,371.32300000000004,-3.613,1
79314776044.0,0.266,-0.382,-0.03,378.18,3275.0,384.435,-3.517,1
79897781315.0,0.244,-0.32799999999999996,-0.031,425.048,3128.0,383.0,-3.6630000000000003,1
80480786585.0,0.284,-0.8270000000000001,-0.033,474.51300000000003,2981.0,383.472,-3.6719999999999997,1
81063791855.0,0.322,-0.312,-0.035,510.184,2840.0,392.939,-3.092,1
81646797125.0,0.41700000000000004,-0.461,-0.037000000000000005,509.275,2716.0,414.17400000000004,-2.887,1
82229802396.0,0.4,-0.354,-0.039,533.389,2587.0,393.566,-2.8169999999999997,1
82812807666.0,0.39299999999999996,-0.628,-0.040999999999999995,540.077,2478.0,388.784,-3.4,1
83395812936.0,0.34299999999999997,-0.742,-0.043,522.661,2354.0,396.316,-3.4730000000000003,1
83978818206.0,0.33299999999999996,-0.649,-0.045,537.846,2246.0,396.25199999999995,-3.799,1
84596610148.0,0.316,-0.743,-0.048,559.2130000000001,2154.0,393.13300000000004,-3.1910000000000003,1
85240921899.0,0.321,-1.058,-0.05,575.9209999999999,2076.0,394.25699999999995,-2.967,1
85882914768.0,0.32799999999999996,-1.2309999999999999,-0.053,608.719,2024.0,383.843,-2.58,1
86524907637.0,0.326,-0.703,-0.055999999999999994,652.307,1969.0,375.98800000000006,-2.441,1
87166900506.0,0.35,-0.895,-0.059000000000000004,687.89,1903.0,378.256,-2.07,1
87808893374.0,0.384,-1.119,-0.062,711.4060000000001,1867.0,377.724,-2.37,1
88450886243.0,0.4,-1.6159999999999999,-0.065,736.655,1871.0,373.23699999999997,-2.877,1
89092879112.0,0.41,-2.009,-0.068,758.118,1844.0,374.287,-3.196,1
89734871981.0,0.41100000000000003,-1.605,-0.071,772.8969999999999,1849.0,372.194,-3.6189999999999998,1
90376864850.0,0.373,-1.5859999999999999,-0.075,767.6410000000001,1847.0,378.35,-3.388,1
91018857719.0,0.381,-1.3319999999999999,-0.078,749.145,1846.0,387.86,-2.6010000000000004,1
91660850588.0,0.391,-1.244,-0.08199999999999999,691.404,1847.0,377.282,-2.488,1
92529382786.0,0.396,-2.015,-0.085,597.034,1846.0,377.566,-1.9569999999999999,1
93438965735.0,0.397,-1.6769999999999998,-0.08900000000000001,509.279,1840.0,376.95,-1.515,1
94326916487.0,0.39399999999999996,-1.15,-0.09300000000000001,432.527,1775.0,374.584,-1.115,1
95196563072.0,0.377,-1.327,-0.09699999999999999,330.346,1726.0,379.689,-1.022,1
96066209657.0,0.35,-1.09,-0.10099999999999999,223.861,1685.0,380.995,-0.867,1
96935856242.0,0.34700000000000003,-1.0959999999999999,-0.105,166.00099999999998,1642.0,382.955,-0.588,1
97805502827.0,0.341,-1.364,-0.109,98.898,1589.0,389.825,-0.638,1
98675149413.0,0.32799999999999996,-1.062,-0.114,94.27,1525.0,400.00199999999995,-1.9369999999999998,1
99544795998.0,0.259,-0.8759999999999999,-0.11800000000000001,100.875,1479.0,404.62,-1.3619999999999999,1
100414442583.0,0.233,-1.584,-0.122,112.721,1430.0,404.798,-1.815,1
101284089168.0,0.24600000000000002,-0.693,-0.127,138.42700000000002,1378.0,414.783,-2.053,1
102153735753.0,0.244,-1.183,-0.131,173.704,1307.0,420.74300000000005,-1.932,1
103119887201.0,0.27699999999999997,-1.265,-0.135,206.696,1242.0,420.70099999999996,-1.952,1
104204813865.0,0.254,-1.026,-0.14,241.06400000000002,1179.0,430.082,-1.709,1
105289740529.0,0.263,-1.143,-0.14400000000000002,317.052,1116.0,438.56699999999995,-1.72,1
106305628154.0,0.324,-0.9179999999999999,-0.14800000000000002,383.462,1044.0,437.065,-1.652,1
107314171202.0,0.35600000000000004,-0.7929999999999999,-0.153,421.52099999999996,966.676,427.514,-1.626,1
108322714249.0,0.419,-1.444,-0.157,445.07599999999996,919.3789999999999,421.19,-2.426,1
109331257297.0,0.4,-0.601,-0.162,470.71,889.382,423.3,-0.499,1
110339800344.0,0.375,-1.435,-0.166,496.286,857.145,424.26199999999994,0.634,1
111348343392.0,0.353,-0.93,-0.17,529.428,833.432,432.256,0.8290000000000001,1
112356886439.0,0.301,-1.673,-0.175,540.354,822.595,429.12699999999995,0.5820000000000001,1
113365429486.0,0.36,-1.023,-0.179,564.447,806.1610000000001,436.765,-2.8139999999999996,1
114373972534.0,0.418,-1.115,-0.183,575.617,774.084,434.676,-4.913,1
115382515581.0,0.652,-0.934,-0.188,564.8290000000001,746.9860000000001,431.575,-3.188,1
116391058629.0,0.632,-1.329,-0.192,536.197,713.811,421.32300000000004,-2.911,1
117397786460.0,0.629,-1.515,-0.196,496.305,695.503,419.55699999999996,-1.2919999999999998,1
118348274572.0,0.608,-1.3219999999999998,-0.2,464.586,691.6060000000001,403.98900000000003,-0.125,1
119229661493.0,0.636,-1.05,-0.204,448.81,687.687,404.42,0.042,1
120111048413.0,0.6409999999999999,-1.6740000000000002,-0.20800000000000002,410.42800000000005,683.326,409.784,-1.278,1
120992435334.0,0.657,-1.006,-0.212,370.04400000000004,683.442,412.66900000000004,-2.0669999999999997,1
121873822255.0,0.6579999999999999,-1.749,-0.21600000000000003,325.496,683.6339999999999,411.941,-2.021,1
122755209176.0,0.6729999999999999,-1.032,-0.22,271.67400000000004,680.831,413.80199999999996,-2.66,1
123636596096.0,0.6990000000000001,-1.454,-0.22399999999999998,227.892,678.08,419.577,-2.556,1
124517983017.0,0.708,-1.256,-0.228,184.475,673.648,413.346,-2.291,1
125399369938.0,0.726,-1.9409999999999998,-0.23199999999999998,143.78,666.1469999999999,412.764,-1.466,1
126280756859.0,0.723,-1.39,-0.235,115.84700000000001,646.773,414.027,-1.6769999999999998,1
127162143779.0,0.705,-1.335,-0.239,103.213,627.181,415.778,-1.6,1
128043530700.0,0.42100000000000004,-1.636,-0.242,95.77,608.484,415.44300000000004,-0.998,1
128903223691.0,0.35100000000000003,-1.6669999999999998,-0.24600000000000002,87.49700000000001,585.445,418.23400000000004,-1.359,1
129669103795.0,0.345,-1.258,-0.249,88.295,558.246,413.077,-1.376,1
130469638954.0,0.243,-1.217,-0.253,94.074,539.7959999999999,407.531,-1.345,1
131270174113.0,0.263,-0.9179999999999999,-0.256,97.425,532.726,410.27099999999996,-0.664,1
132070709272.0,0.24600000000000002,-1.2329999999999999,-0.259,97.255,524.562,409.75199999999995,-0.9440000000000001,1
132871244431.0,0.245,-1.035,-0.263,85.053,515.1759999999999,415.288,-1.097,1
133671779591.0,0.22699999999999998,-0.946,-0.266,73.429,495.094,416.991,-0.46799999999999997,1
134472314750.0,0.22699999999999998,-1.632,-0.26899999999999996,70.42399999999999,474.131,415.82099999999997,1.6280000000000001,1
135272849909.0,0.244,-1.014,-0.272,70.131,470.824,415.36,1.3159999999999998,1
136073385068.0,0.247,-1.113,-0.275,68.97,470.681,416.249,2.678,1
136873920227.0,0.265,-0.7609999999999999,-0.278,67.445,469.49699999999996,419.43800000000005,1.972,1
137674455386.0,0.265,-0.865,-0.281,61.007,468.99,423.45599999999996,2.463,1
138474990545.0,0.331,-1.121,-0.284,55.797,465.755,417.945,0.9690000000000001,1
139211858235.0,0.32899999999999996,-0.84,-0.28600000000000003,41.696000000000005,463.246,412.853,0.812,1
139896485949.0,0.365,-0.866,-0.289,29.101,458.01099999999997,414.983,0.589,1
140592525622.0,0.384,-0.833,-0.292,19.544,452.22,415.156,0.26899999999999996,1
141292205316.0,0.40700000000000003,-0.857,-0.294,18.392,448.73699999999997,418.13800000000003,0.35100000000000003,1
141991885010.0,0.389,-1.002,-0.297,17.915,443.99699999999996,417.978,-0.046,1
142691564705.0,0.391,-0.716,-0.299,14.835999999999999,439.11400000000003,418.564,-0.498,1
143391244399.0,0.392,-0.784,-0.301,12.334000000000001,435.92699999999996,420.973,0.043,1
144090924093.0,0.413,-0.8690000000000001,-0.304,12.415999999999999,420.76,421.292,0.006,1
144790603787.0,0.405,-1.112,-0.306,12.705,398.49300000000005,420.006,0.256,1
145490283481.0,0.364,-0.7809999999999999,-0.308,12.773,380.869,420.314,0.11,1
146189963175.0,0.373,-0.976,-0.31,12.599,367.024,416.93300000000005,-0.036000000000000004,1
146889642869.0,0.41,-0.853,-0.312,12.462,351.093,418.889,0.5379999999999999,1
147589322563.0,0.40399999999999997,-0.907,-0.314,12.626,336.709,420.07,-0.136,1
148217876439.0,0.392,-0.532,-0.316,13.822000000000001,334.713,423.767,-0.325,1
148812289922.0,0.397,-0.584,-0.317,14.999,331.746,423.615,-0.11199999999999999,1
149491638378.0,0.38,-0.467,-0.319,16.112000000000002,334.475,423.23,-0.723,1
150217460688.0,0.37,-0.634,-0.321,18.601,323.762,426.47,-1.155,1
150943282998.0,0.36200000000000004,-0.682,-0.32299999999999995,23.233,322.645,429.73800000000006,-1.8130000000000002,1
151669105307.0,0.391,-0.41600000000000004,-0.324,25.266,319.374,427.82599999999996,-1.8019999999999998,1
152394927617.0,0.41200000000000003,-0.391,-0.326,23.239,315.676,427.315,-1.93,1
153120749927.0,0.41,-0.555,-0.327,23.113000000000003,316.627,428.717,-1.821,1
153846572236.0,0.37200000000000005,-0.519,-0.32899999999999996,28.128,324.295,436.56199999999995,-1.9480000000000002,1
154572394546.0,0.36200000000000004,-0.7859999999999999,-0.33,43.0,333.16,443.215,-2.037,1
155298216856.0,0.361,-0.514,-0.331,60.145,340.949,445.474,-1.656,1
156024039165.0,0.358,-0.569,-0.33299999999999996,75.477,351.46,445.852,-1.7790000000000001,1
156749861475.0,0.311,-0.386,-0.33399999999999996,99.516,366.86699999999996,452.60400000000004,-1.599,1
157440897114.0,0.321,-0.39799999999999996,-0.335,130.24200000000002,384.655,457.376,-2.298,1
158092507858.0,3.6719999999999997,-0.153,-0.336,171.74099999999999,407.835,463.10900000000004,-2.458,1
158744118603.0,3.6630000000000003,-0.39399999999999996,-0.337,201.707,419.39,458.712,-2.512,1
159395594509.0,3.6519999999999997,-0.34299999999999997,-0.337,204.79,411.81800000000004,444.29,-2.888,1
160046993588.0,3.653,-0.319,-0.33799999999999997,206.362,408.434,449.25699999999995,-3.198,1
160698392667.0,3.647,-0.376,-0.33899999999999997,210.727,405.25300000000004,451.82800000000003,-3.1830000000000003,1
161349791746.0,3.645,-0.14400000000000002,-0.33899999999999997,210.106,395.10900000000004,449.954,-3.425,1
162001190825.0,3.653,-0.429,-0.34,206.953,382.142,446.236,-3.677,1
162652589905.0,3.6519999999999997,-0.373,-0.34,201.946,365.81,446.352,-3.516,1
163303988984.0,3.648,-0.114,-0.341,196.295,354.664,446.98800000000006,-1.15,1
163955388063.0,3.648,-0.504,-0.341,191.423,350.18699999999995,446.657,-2.448,1
164606787142.0,3.6519999999999997,-0.406,-0.341,188.982,338.565,451.464,-3.187,1
165031646892.0,3.648,0.013000000000000001,-0.341,189.667,330.51300000000003,457.98800000000006,-4.47,1
165415455891.0,3.658,0.18,-0.341,187.115,319.932,457.595,-4.419,1
165799264890.0,3.674,-0.166,-0.341,176.764,305.556,458.102,-4.462,1
166183073890.0,0.345,0.019,-0.341,163.00799999999998,292.627,454.74800000000005,-4.294,1
166698474519.0,0.33399999999999996,-0.368,-0.341,146.999,278.316,452.584,-4.961,1
167255567546.0,0.304,-0.071,-0.341,133.71,263.839,451.025,-5.102,1
167812660573.0,0.302,-0.138,-0.341,119.941,256.307,454.24699999999996,-5.092,1
168369753600.0,0.321,-0.21899999999999997,-0.341,103.861,255.761,455.025,-5.34,1
168926846627.0,0.302,-0.239,-0.341,91.05,257.754,455.975,-5.308,1
169483939654.0,0.409,-0.067,-0.341,80.817,259.096,455.809,-5.185,1
170041032681.0,0.467,-0.47200000000000003,-0.341,65.64,262.966,453.459,-5.336,1
170598125708.0,0.483,-0.209,-0.341,48.306000000000004,268.374,453.949,-5.484,1
171058713873.0,0.5529999999999999,-0.21600000000000003,-0.341,31.575,271.403,449.494,-5.692,1
171400526821.0,0.541,-0.175,-0.341,27.413,272.731,441.529,-5.68,1
171742339770.0,0.524,-0.091,-0.34,28.105,273.482,442.06800000000004,-5.452999999999999,1
172084152718.0,0.494,-0.11800000000000001,-0.34,30.409000000000002,274.272,441.26800000000003,-5.4879999999999995,1
172425965667.0,0.444,-0.217,-0.34,32.553000000000004,275.46,441.66900000000004,-5.247999999999999,1
172773512456.0,0.44299999999999995,-0.106,-0.34,33.759,276.58299999999997,445.089,-4.828,1
173171517041.0,0.466,-0.348,-0.34,32.668,279.01,448.097,-4.032,1
173569521626.0,0.47,-0.075,-0.33899999999999997,27.465999999999998,282.538,450.845,-3.701,1
173967526210.0,0.526,-0.191,-0.33899999999999997,40.667,300.459,472.11199999999997,-2.4090000000000003,1
174365530795.0,0.514,-0.034,-0.33899999999999997,106.845,346.35400000000004,496.908,-1.791,1
174763535380.0,0.515,0.004,-0.33799999999999997,262.726,434.17199999999997,522.366,-0.469,1
175161539964.0,0.509,0.002,-0.33799999999999997,458.292,542.441,533.135,2.968,1
175559544549.0,0.508,-0.20600000000000002,-0.337,649.174,653.0880000000001,535.4159999999999,2.191,1
175957549134.0,0.508,0.273,-0.336,804.936,751.701,532.201,1.9909999999999999,1
176357368934.0,0.49200000000000005,-0.067,-0.336,955.127,851.6080000000001,534.594,-0.595,1
176811645198.0,0.485,0.19399999999999998,-0.33399999999999996,1174.0,978.314,551.979,-1.3559999999999999,1
177265921462.0,0.484,-0.039,-0.33299999999999996,1481.0,1151.0,571.159,-1.84,1
177720197726.0,0.451,0.5710000000000001,-0.332,1779.0,1329.0,573.875,-0.64,1
178174473990.0,0.449,-0.046,-0.33,2098.0,1522.0,580.536,-0.785,1
178628750254.0,0.449,0.055,-0.32899999999999996,2378.0,1704.0,579.599,-0.8740000000000001,1
179050921396.0,0.442,0.168,-0.327,2596.0,1867.0,574.524,-0.94,1
179469079398.0,0.452,0.242,-0.325,2774.0,2027.0,574.28,-0.976,1
179887237400.0,0.34700000000000003,0.156,-0.32299999999999995,2907.0,2173.0,573.047,-0.465,1
180305395402.0,0.366,0.24600000000000002,-0.32,3036.0,2330.0,579.549,-0.927,1
180723553404.0,0.36,0.17,-0.318,3537.0,2680.0,638.456,-1.4469999999999998,0
181141711406.0,0.35700000000000004,0.518,-0.315,4441.0,3237.0,686.885,-1.7080000000000002,0
181559869408.0,0.475,0.308,-0.312,5219.0,3771.0,685.852,-1.315,0
181978027410.0,0.596,0.64,-0.309,5846.0,4275.0,682.671,-1.3,0
182352289008.0,0.685,0.622,-0.305,6934.0,5033.0,734.99,-1.248,0
182691895550.0,0.741,0.6920000000000001,-0.301,7974.0,5816.0,744.823,-1.564,0
183031502093.0,0.747,0.8320000000000001,-0.297,8834.0,6595.0,748.164,-1.6969999999999998,0
183371108635.0,0.69,0.665,-0.292,9491.0,7376.0,753.295,-1.5819999999999999,0
183710715178.0,0.6609999999999999,0.564,-0.287,9874.0,8103.0,747.682,-1.156,0
184164166444.0,0.677,0.361,-0.28300000000000003,9496.0,8475.0,681.946,-1.2819999999999998,0
184652570038.0,0.74,0.22699999999999998,-0.278,8846.0,8703.0,649.939,-1.955,0
185140973633.0,0.706,0.205,-0.273,8064.0,8744.0,588.9259999999999,-2.472,1
185629377227.0,0.7040000000000001,0.292,-0.268,7327.0,8958.0,652.469,-3.597,0
186117780821.0,0.629,0.569,-0.263,6580.0,9225.0,669.2869999999999,-3.281,0
186606184415.0,0.618,0.004,-0.258,5890.0,9384.0,640.632,-3.6889999999999996,0
187094588009.0,0.605,0.33,-0.253,5367.0,9514.0,637.878,-2.7089999999999996,0
187582991603.0,0.627,0.37799999999999995,-0.249,5013.0,9651.0,647.563,-2.803,0
188071395198.0,0.617,0.39899999999999997,-0.244,4693.0,9739.0,633.786,-2.374,0
188548386833.0,0.598,0.149,-0.239,4372.0,9866.0,651.127,-2.43,0
189021738448.0,0.602,0.374,-0.23399999999999999,4033.0,10062.0,674.2510000000001,-2.45,0
189495090063.0,0.63,0.41,-0.22899999999999998,3687.0,10277.0,683.826,-2.4090000000000003,0
189968441677.0,0.6759999999999999,0.349,-0.22399999999999998,3398.0,10439.0,673.449,-1.9780000000000002,0
190442954665.0,0.688,0.34700000000000003,-0.21899999999999997,3188.0,10574.0,668.6239999999999,-2.1430000000000002,0
190960148133.0,0.669,0.379,-0.214,2974.0,10698.0,669.77,-1.953,0
191477341600.0,0.5329999999999999,0.295,-0.21,2777.0,10807.0,670.711,-1.7819999999999998,0
191994535067.0,0.45399999999999996,0.20199999999999999,-0.205,2570.0,10818.0,640.923,-1.445,0
192511728534.0,0.25,0.26,-0.2,2319.0,10817.0,644.648,-0.618,0
193028922001.0,0.25,0.048,-0.196,2050.0,10822.0,649.595,-0.9,0
193546115469.0,0.33,-0.465,-0.192,1766.0,10805.0,645.327,-0.74,0
194063308936.0,0.871,-0.496,-0.188,1511.0,10788.0,646.33,-0.596,0
194580502403.0,1.044,-0.546,-0.185,1485.0,10776.0,653.631,-0.83,0
195012760897.0,1.2819999999999998,-0.535,-0.183,1482.0,10765.0,659.574,-0.085,0
195398545538.0,1.44,-0.254,-0.18100000000000002,1481.0,10739.0,655.688,0.429,0
195784330178.0,1.538,-0.371,-0.179,1479.0,10717.0,658.89,1.2990000000000002,0
196170114819.0,1.504,-0.457,-0.17800000000000002,1332.0,10681.0,660.703,1.042,0
196555899460.0,1.4069999999999998,-0.36200000000000004,-0.177,1122.0,10646.0,667.4639999999999,0.759,0
196941719226.0,1.391,-0.45299999999999996,-0.177,885.0930000000001,10620.0,675.1339999999999,0.662,0
197328543598.0,1.465,-0.613,-0.177,599.672,10587.0,668.951,0.27399999999999997,0
